name,homepage_url
17 Grams,https://17grams.co.uk/
19 Coffee and Tea,https://19coffeeandtea.co.uk
200 Degrees,https://200degrees.com
200 Degrees Coffee,https://200degs.com
39 Steps Coffee,https://39stepscoffee.co.uk
3FE,https://3fe.com
47 Degrees Coffee Roasters,https://47degreescoffee.com
80 Stone Coffee Roasters,https://80stonecoffeeroasters.co.uk/
918 Coffee,https://www.domainstore.co.uk/forsale.php?domain=918.co.uk
92 Degrees Coffee,https://92degrees.co.uk
A Bean & Co,https://abeandco.co.uk
A Big O Coffee,https://www.abigocoffee.com/
Alchemy Coffee,https://alchemycoffee.co.uk
Alchemy Coffee,https://alchemy.co.uk
Alfie Co Coffee Roasters,https://alfie.co.uk
All Caps Coffee,https://www.allcaps.co.uk/password
Allpress Espresso,https://allpress.com/en-gb
Allpress Espresso,https://allpressespresso.com
Altitude Coffee,https://altitudecoffeelondon.com/
Altitude Coffee London,https://altitudelondon.com
Amber Coffee Roasters,https://ambercoffee.co.uk
Ancoats Coffee,https://www.ancoats-coffee.co.uk/
Ancoats Coffee,https://www.ancoats-coffee.co.uk
And Bloss,https://andbloss.com/cgi-sys/suspendedpage.cgi
Andronicas Coffee,www.andronicas.com
Angelucci Coffee,https://angelucci.com
Angelucci Coffee,https://angeluccicoffee.co.uk
Anonymous Coffee Co,https://anonymous.co.uk
Anvil Coffee,https://anvilcoffee.co.uk
Anvil Coffee Roasters,https://anvil.com
Apostle Coffee,https://apostle.co.uk
Apostle Coffee,https://apostlecoffee.com
Argyll Coffee Roasters,https://argyll.com
Ariosa Coffee,https://ariosacoffee.com
Aroma Coffee,https://www.aroma-coffee.co.uk/
Aroma Tea Coffee,https://aroma.com
Artisan Coffee Roasters,https://artisancoffeeroasters.co.uk
Artisan Roast Coffee Roasters,https://artisanroast.co.uk
Assembly Coffee,https://assemblycoffee.co.uk
Atkinsons Coffee Roasters,https://atkinsonscoffee.com
Bad Hand Coffee,https://www.badhandcoffee.com/
Bailies Coffee,https://www.bailiescoffee.com/
Balance Coffee,https://balance.co.uk
Baltic Coffee,https://balticcoffee.co.uk/maintenance-mode/
Barista Cats,https://www.barista-cats.com/
Baristocracy Coffee Roasters,www.baristocracycoffee.com
Base Camp Coffee,https://basecampcoffee.bigcartel.com
Batch26 Coffee Co,https://batch26.com
Batch Coffee,https://batchcoffee.co.uk
Bawdsey Coffee,https://www.bawdseycoffee.co.uk
Bay Coffee Roasters,https://baycoffeeroasters.com
Baytown Coffee Company,https://www.baytowncoffeecompany.com/
Baytown Coffee Company,https://baytown.co.uk
Bean 14,https://bean14.com
Bean 14,https://bean14.com/
Bean Bear,https://beanbear.co.uk/
Beanberry Coffee Company,www.beanberrycoffee.com
Bean Brothers,www.beanbrothers.co.uk
Bean Miles,https://beanmiles.co.uk
Bean Miles,https://www.beanmiles.co.uk
Beans and Leaves Wolves,https://beansandleaveswolves.co.uk
Bean Shot Coffee,https://beanshot.co.uk
Bean Smitten,https://beansmitten.co.uk
Bean Vibes Coffee,https://beanvibes-coffee.co.uk
Bean West Coffee,https://www.beanwestcoffee.com/
Belfast Coffee Roasters,https://belfastcoffeeroasters.com
Bella Barista,https://bellabarista.co.uk
Bennachie Coffee Roasters,https://bennachie.co.uk
Berries Coffee,https://berriescoffee.co.uk
Bewleys,https://bewleys.com
Big Dog Coffee,https://bigdog.co.uk
Big Dog Coffee Co,https://bigdogcoffeeco.com
Bionic Bull,https://www.coffeelab.co.uk/
Birdie Coffee,https://birdie.com
Bird Wild,https://birdwild.com
Black Cat Coffee,https://www.blackcatcoffee.co.uk/
Black Mountain Roast,https://blackmountainroast.com
Black Sheep Coffee,https://blacksheep.uk
Blindman Coffee,https://www.blindmancoffee.co.uk/
Blind Monkey Coffee,https://blindmonkeycoffee.com
Blind Owl Coffee,https://www.blindowlcoffee.com/
Blossom Coffee,https://blossomcoffee.co.uk
Blossom Coffee Roasters,https://blossom.com
Blue Goose Coffee,https://bluegoose.co.uk
Blue Hour Coffee,https://www.bluehourcoffee.co.uk/
Blue Monday Coffee,https://bluemondaycoffee.co.uk
Blue Sky Bangor,https://www.blueskybangor.co.uk/
Boden Park Coffee Co,https://bodenparkcoffeeco.com
Bohemia Roasts,https://www.bohemiaroasts.com/
Boona Boona Coffee Roasters,www.boonaboona.co.uk
Boost Coffee Co,https://boostcoffeeco.co.uk
Bosk Coffee Roasters,https://www.boskcoffeeroasters.co.uk/
Boun Beans,https://bounbeans.com
Braw Beans,https://brawbeans.com/
Brazier Coffee Roasters,https://www.braziercoffeeroasters.co.uk/
Brazier Roasters,https://brazier.co.uk
Brew Coffee Plus,https://brewcoffeeplus.com
Brewery Lane Coffee,https://www.brewerylanecoffee.co.uk/
Brewup Coffee,https://brewup.co.uk/
Bridge Coffee Roasters,www.bridgecoffeeroasters.co.uk
Broadway Coffee Roasters,https://broadwaycoffeeroasters.co.uk
Bro Coffee,https://bro.com
Brown Bear,https://brownbear.com
Browns of Brockley,https://brownsofbrockley.com
Bunker Coffee,https://bunkercoffeeroaster.com
Cafedirect,https://cafedirect.co.uk
Cafe Du Monde,https://cafedumonde.co.uk
Cafeology,https://cafeology.com
Caffe Society,https://caffesociety.co.uk
Cairngorm Coffee,https://cairngorm.com
Cairngorm Leaf And Bean,https://cairngormleafandbean.co.uk
Campervan Coffee Co,https://campervan.co.uk
Cannonball Coffee Company,https://cannonballcoffee.co.uk
Cannon Coffee,https://cannon.com
Capital Roasters,https://capital.co.uk
Caravan Coffee Roasters,https://caravanandco.com/
Cargo Coffee,https://cargo.co.uk
Caribe Coffee Co,https://caribe.com
Carnival Coffee Roasters,https://carnival.co.uk
Carringtons Coffee Co,https://carringtons.com
Cartwheel Coffee Roasters,https://cartwheel.co.uk
Carve Coffee Roasters,https://carve.com
Carvetii Coffee Roasters,https://carvetii.com
Casa Espresso,https://casaespresso.co.uk
Cast Iron Coffee Roasters,https://castiron.co.uk
Catalyst Coffee Roasters,https://catalyst.co.uk
Chapel Street Coffee Company,https://chapelstreet.co.uk
Chipp Coffee Co,https://chipp.co.uk
Clifton Coffee Roasters,https://cliftoncoffee.co.uk
Climbing Kilimanjaro,https://www.climbingkilimanjaro.co.uk
Climpson & Sons,https://climpsonandsons.com
Cloud Gate Coffee,https://cloudgatecoffee.co.uk
Coaltown Coffee,https://www.coaltown.coffee
Cobbled Roaster,https://cobbled.com
Coffee Bay,https://bay.co.uk
Coffee Compass,https://compass.co.uk
Coffee Knoydart,https://knoydart.co.uk
Coffeelink,https://coffeelink.co.uk
Coffee Mango,https://mangocoffee.com
Coffee Plant,https://coffee.uk.com
Coffee Real Ltd,https://real.com
Coffee World,https://world.com
Colco Coffee,https://colco.co.uk
Colombia Coffee Roasters,https://colombia.com
Colonna Coffee,https://colonnacoffee.com
Colonna Coffee,https://www.colonnacoffee.com
Common Coffee,https://common.com
Common Ground Coffee,https://commongroundcoffee.co.uk
Cooper Co,https://cooper.co.uk
Copper Coffee Roasters,https://coppercoffeeroasters.co.uk
Coppersmiths,https://coppersmiths.coffee
Corban Coffee,https://corban.com
Craft House Coffee,https://crafthouse.com
Crafty Smuggler Coffee,https://craftysmugglercoffee.co.uk
Crankhouse Coffee,https://crankhouse.com
Creation Coffee,https://creation.co.uk
Crema The Crop,https://cremathecrop.co.uk
Cribyn Coffee Company,https://cribyn.com
Cricklewood Coffee,https://cricklewood.com
Crosby Coffee,https://crosbycoffee.com
Cuckfield Coffee Co,https://cuckfield.com
Cult Espresso,https://cultespresso.co.uk
Curve Coffee Roasters,https://curve.com
Danielle S Coffee,https://daniellescoffee.co.uk
Dark Arts Coffee,https://www.darkartscoffee.co.uk
Darkhouse Coffee Roasters,https://darkhouse.co.uk
Darkwoods Coffee,https://darkwoodscoffee.co.uk
Dark Woods Coffee,https://www.darkwoods.coffee
Dawn Roasters Coffee Co,https://dawn.com
Dear Green Coffee Roasters,https://deargreen.com
Divine Coffee Roasters,https://divine.com
Django Coffee Co,https://django.co.uk
Do Good Coffee,https://dogood.co.uk
Doppiocoffee,https://doppiocoffee.co.uk
Double Trouble Coffee,https://doubletrouble.com
Dragon Roastery,https://dragon.uk
Drop Hopper Coffee,https://drophoppercoffee.com
Drury Tea Coffee,https://drury.com
Due Fratelli Coffee,https://duefratelli.co.uk
Echelon Coffee Roasters,https://echeloncoffee.co.uk
Edge Tea Coffee,https://edge.co.uk
Edinburgh Tea Coffee Co,https://edinburgh.co.uk
Electric Coffee Co,https://electric.com
Element Coffee,https://element.uk
Elsewhere Coffee,https://www.elsewhere.uk
Established Coffee,https://established.uk
Ethical Addictions Coffee Roasters,https://ethicaladdictions.co.uk
Exchange Coffee Co,https://exchange.uk
Extract Coffee Roasters,https://extractcoffee.co.uk
Extract Coffee Roasters,https://www.extract.coffee
Farrers Coffee,https://farrers.co.uk
Ferrari S Coffee,https://ferraris.co.uk
Ffa Da,https://ffada.co.uk
Figment Coffee,https://figment.com
Fig & Sparrow,https://figandsparrow.co.uk
Fika Coffee Roasters,https://fika.co.uk
Finca,https://finca.co.uk
Finest Coffee Beans Tea,https://finestbeans.com
Firebird Coffee Company,https://firebird.com
Fire Flow Coffee,https://www.fireandflowcoffee.co.uk
Flaming Bean Coffee,https://flamingbean.com
Flat Cap Coffee Roasting Company,https://flatcap.com
Flying Horse Coffee,https://flyinghorsecoffee.com
Footprint Coffee,https://footprint.co.uk
Forge Coffee Roasters,https://forgecoffeeroasters.co.uk
Forth Coffee Roasters,https://forth.co.uk
Fortitude Coffee,https://fortitude.co.uk
Foundation Coffee Roasters,https://foundation.coffee
Foundry Coffee Roasters,https://foundry.com
Fountain Rock Coffee Roasters,https://fountainrock.com
Frazer S Coffee Roasters,https://frazers.co.uk
Freshpac,https://freshpac.co.uk
Gillards Of Bath,https://gillardsofbath.co.uk
Girls Who Grind Coffee,https://girlswhogrindcoffee.com
Glen Lyon Coffee Roasters,https://glenlyon.co.uk
Glesga Roasters,https://glesga.co.uk
Golden Sheep Coffee,https://goldensheep.com
Good Times Roastery,https://goodtimes.co.uk
Gordon Street Coffee,https://gordonstreet.com
Grain And Grind,https://graingrind.com
Green Farm Coffee Co,https://greenfarm.uk
Grey Seal Coffee,https://greyseal.co.uk
Grind Coffee,https://grind.co.uk
Grumpy Mule,https://grumpymule.uk
Hampton Roast Coffee,https://hamptonroast.com
Happy Donkey,https://happydonkey.co.uk
Hard Lines Coffee,https://hardlines.co.uk
Hasbean,https://www.hasbean.co.uk
Hayling Island Coffee Society,https://haylingislandcoffeesociety.com
Hayman Coffee,https://hayman.co.uk
Heartland Coffee Roasters,https://heartland.com
Hej Coffee,https://hej.co.uk
Herbert And Ward,https://herbertandward.co.uk
Hermanos Coffee Roasters,https://hermanos.com
Hometown Coffee Roasters,https://hometown.com
Hormozi Coffee,https://hormozi.co.uk
Horsebox Coffee Co,https://horsebox.com
Horsham Coffee Roaster,https://horsham.com
Hot Numbers Coffee,https://hotnumberscoffee.co.uk
House Coffee Of Doncaster,https://housecoffeeofdoncaster.com
Hoxton Coffee,https://hoxton.com
Hundred House Coffee,https://hundredhouse.co.uk
Idle Hands Coffee,https://idlehandscoffee.com
Imperial Jade Coffee,https://imperialjade.com
Indigo Valley,https://indigovalley.co.uk
Insurgence Coffee,https://insurgence.com
Inverness Coffee Roasting,https://inverness.co.uk
I Should Ohco,https://ishouldohco.com
Island Roasted,https://islandroasted.co.uk
Island Tea Coffee,https://island.co.uk
Jackalope Joe Coffee Co,https://jackalopejoe.com
Jasper S Coffee,https://jasperscoffee.com
J Atkinson And Co,https://jatkinson.com
Jaunty Goat,https://jauntygoat.co.uk
Javabean,https://javabeancoffee.com
Joe Black Coffee,https://joeblack.co.uk
Johnsons Coffee,https://johnsonscoffee.com
John Watt Coffee And Tea,https://johnwatt.com
Jute Coffee,https://jutecoffee.com
Kaffeehaus Coffee Roasters,https://kaffeehauscoffee.co.uk
Kendricks,https://kendricks.co.uk
Kent Tea And Coffee,https://kent.co.uk
Kickback Coffee Roasting Co,https://kickback.com
Kin Coffee,https://kin.co.uk
Kiss the Hippo,https://kissthehippo.com
Kiss The Hippo Coffee,https://kissthehippocoffee.co.uk
Koffy,https://koffy.com
Kokebi Coffee,https://kokebi.com
Kontext Coffee Company,https://kontext.com
Kulture Coffee,https://kulture.co.uk
La Famiglia Cha,https://www.lafamigliacha.com
Lands End Coffee,https://landsend.co.uk
Leave the Herd Behind,https://leavetheherdbehind.com
Leicester Coffee House,https://leicesterhouse.com
Limini Coffee,https://limini.com
Lincoln Coffee House,https://lincolnhouse.co.uk
Lincoln Tea Coffee,https://lincoln.co.uk
Lincoln York,https://lincolnyork.co.uk
Littlestone Coffee,https://littlestone.co.uk
Loch Lomond Coffee,https://lochlomond.co.uk
Lomond Coffee,https://lomond.co.uk
London Calling Coffee,https://londoncalling.com
Lone Wolf Mountain Coffee,https://lonewolfmountaincoffee.co.uk
Lonton Coffee Co,https://lonton.co.uk
Lost Barn Coffee Roasters,https://lostbarncoffee.co.uk
Lost Horizon Coffee,https://losthorizon.com
Lost Sheep Coffee,https://lostsheep.com
Lucid Coffee Roasters,https://lucid.com
Luckie Beans,https://www.luckiebeans.co.uk
Lytham Coffee Co,https://lytham.co.uk
Machina Coffee,https://machina.coffee
Maison Dieu Coffee,https://maisondieu.co.uk
ManCoco,https://mancoco.co.uk
Manx Tea And Coffee,https://manx.co.uk
Markus Coffee,https://markus.com
Masteroast Coffee Co Ltd,https://masteroast.com
Matthew Algie,https://matthewalgie.com
Maude Coffee,https://maude.com
Meletius Ltd,https://meletius.com
Method Roastery,https://method.co.uk
Microroastery,https://microroastery.com
Mission Coffee Works,https://missionworks.com
Mocha Mondo Coffee Limited,https://mochamondo.co.uk
Monkey Board Coffee,https://monkeyboard.com
Monmouth Coffee Company,https://www.monmouthcoffee.co.uk
Mont58 Coffee,https://mont58coffee.com
Morning Dog Coffee,https://morningdog.com
Nairobi Coffee,https://nairobi.com
Neighbourhood Coffee,https://www.neighbourhoodcoffee.co.uk/
Nelson Coffee Roasters,https://nelsoncoffee.com
New Ground Coffee,https://newground.coffee
Noni S Coffee Roasters,https://nonis.com
Norfolk Coffee,https://norfolk.co.uk
Northern Edge Coffee,https://northernedge.com
Northern Tea,https://northern.com
Northside Coffee,https://northside.co.uk
North Star Coffee Roasters,https://northstarroast.com
Notes Coffee,https://notescoffee.com/
Nude Coffee Roasters,https://nude.co.uk
Nude Espresso,https://www.nudeespresso.com/
Obadiah Coffee,https://obadiah.co.uk
Odd Kin Coffee,https://oddkin.co.uk
Olfactory Coffee,https://olfactory.com
Origin Coffee,https://www.theorigincoffee.co.uk
Origin Coffee Roasters,https://origincoffee.co.uk
Otis Carter Coffee,https://otiscartercoffee.com
Ouseburn Coffee Co,https://ouseburn.co.uk
Outpost Coffee,https://outpost.co.uk
Owens Coffee,https://owens.com
Ozone Coffee Roasters,https://ozonecoffee.co.uk
Pact Coffee,https://www.pactcoffee.com
Passion Fruit Coffee,https://passionfruitcoffee.co.uk
Peakbean,https://peakbean.co.uk
Pearhaus Coffee,https://pearhaus.com
Pebble Pine,https://pebblepine.com
Penningtons,https://penningtonscoffee.co.uk
Perception Coffee,https://perception.co.uk
Perky Blenders,https://perkyblenders.com
Pharmacie Coffee Roasters,https://pharmacie.co.uk
Piccolos Coffee,https://piccolos.coffee
Pink Lane Coffee,https://pinklane.co.uk
Plot Roasting,https://plotcoffee.co.uk
Pollards Coffee,https://pollards.com
Primo Coffee,https://primo.com
Prufrock Coffee,https://prufrockcoffee.com
Pumphreys Coffee,https://pumphreys.com
Pump Street Coffee,https://pumpstreetbakery.com
Pure Roast Coffee,https://pureroast.com
Pure Roasters,https://pure.com
Quantum Coffee Roasters,https://quantum.co.uk
Quarter Horse Coffee,https://quarterhorse.co.uk
Rainhill Coffee Roasters,https://rainhill.com
Rand Coffee Roastery,https://rand.com
Rave Coffee,https://www.ravecoffee.co.uk
Reads Coffee,https://reads.uk
Real Deal Roasters,https://realdeal.com
Red Bank Coffee Roasters,https://redbank.co.uk
Redber Coffee,https://redber.com
Redemption Roasters,https://redemptionroasters.com
Redemption Roasters,https://www.redemptionroasters.com
Red Garage Coffee,https://redgarage.com
Red Monkey Coffee Uk,https://redmonkey.uk
Red Roaster,https://red.co.uk
Relish Coffee,https://relish.co.uk
Revolution Coffee,https://revolution.co.uk
Ringtons,https://ringtons.com
Rise Grind Roastery,https://risegrind.co.uk
Rising Ground Coffee,https://risingground.co.uk
Ristretto Coffee,https://ristretto.com
Ritual Coffee Roasters,https://ritualcoffee.com
Roaring Stag Coffee,https://roaringstag.com
Roastersaurus,https://roastersaurus.co.uk
Roasting Plant Uk,https://plant.co.uk
Roastworks Coffee Co,https://roastworkscoffee.com
Roberts Co,https://e-coffee.co.uk
Rocket Monkey Coffee,https://rocketmonkey.com
Rockhopper Roaster,https://rockhopper.co.uk
Roost,https://roost.co.uk
Root And Branch,https://rootbranch.com
Round Hill Roastery,https://roundhillroastery.com
Rounton Coffee,https://rounton.com
Rounton Coffee Roasters,https://rountoncoffee.co.uk
Routes Coffee,https://routes.co.uk
Sacred Grounds Coffee Company,https://sacredgrounds.co.uk
Saints Of Mokha,https://saintsofmokha.co.uk
Salford Roasters,https://salford.com
Sarahs Coffee,https://sarahs.com
Sea Island Coffee,https://seaisland.com
Seamoor Coffee,https://seamoor.co.uk
Second City Coffee,https://secondcity.co.uk
Secret Garden Roasters,https://secretgarden.co.uk
Seven Districts Coffee,https://sevendistricts.co.uk
Shiloh Coffee Roasters,https://shiloh.com
Shop House Coffee,https://shophousecoffee.co.uk
Sidewalk Coffee Co,https://sidewalk.co.uk
Silver Oak Coffee,https://silveroak.co.uk
Skydancer Coffee,https://skydancer.uk
Skylark Coffee,https://skylark.com
Sleeper Coffee,https://sleeper.com
Slumberjack Coffee,https://slumberjack.com
Small Batch Coffee,https://smallbatch.coffee
Smith S Coffee,https://smiths.co.uk
Smith Street Coffee,https://smithstreet.co.uk
Smugglers Drop,https://smugglersdrop.co.uk
Snake Bite Coffee,https://snakebite.com
So Roast Coffee,https://soroastcoffee.co.uk
Speyside Coffee,https://speysidecoffee.co.uk
Square Mile Coffee,https://squaremile.com
Square Mile Coffee Roasters,https://shop.squaremilecoffee.com
Square Root Coffee,https://squarerootcoffee.com
Steampunk Coffee,https://steampunk.com
Stirling Coffee,https://stirling.co.uk
St Martins Coffee Roasters,https://stmartins.co.uk
Stokes Tea Coffee,https://stokes.com
Stow Town Coffee,https://stowtown.com
Strangers Coffee,https://www.strangerscoffee.com
Surrey Hills Coffee,https://surreyhillscoffee.co.uk
Sustain Coffee,https://sustain.co.uk
Swan Song Coffee,https://swansongcoffee.com
Symposium Coffee,https://symposium.co.uk
Symva Coffee,https://symva.com
Taith Coffee,https://taithcoffee.com
Takk Coffee House,https://takkmcr.com
Tank Coffee,https://tank.co.uk
Tate,https://tate.co.uk
Taylors of Harrogate,https://www.taylorsofharrogate.co.uk
Taylor St Baristas,https://taylor-st.com
Teifi Coffee,https://teifi.co.uk
Terra Coffee,https://terra.co.uk
Terracotta Coffee,https://www.terracottacoffee.co.uk
Terrone Coffee Uk,https://terrone.co.uk
The Bean Shop,https://beanshop.com
The Bean Works,https://thebeanworks.co.uk
The Belfast Coffee Co,https://belfastcoffee.com
The Blending Room,https://blendingroom.com
The Coffee Counter,https://thecoffeecounter.co.uk
The Coffee Factory,https://factory.co.uk
The Coffee Hopper,https://www.atkinsonscoffee.com/
The Coffee Officina,https://officina.co.uk
The Ethiopian Coffee Company,https://ethiopian.com
The Fresh Coffee Co,https://fresh.co.uk
The Gatehouse Coffee Roasters,https://gatehouse.co.uk
The Good Coffee Cartel,https://goodcartel.com
The House Of Coffee,https://house.co.uk
The Little Coffee Roastery,https://littlecoffee.com
The Little Red Roaster,https://littlered.uk
The Milk Shed,https://milkshed.co.uk
The Missing Bean,https://themissingbean.com
The Orkney Roastery,https://orkney.co.uk
The Proper Coffee Co,https://proper.co.uk
The Roasting Party,https://party.co.uk
The Roasting Project,https://project.com
The Roasting Shed,https://shed.com
The Source Coffee,https://source.co.uk
The Suffolk Coffee Company,https://suffolk.co.uk
Thomsons Coffee,https://thomsons.coffee
Three Hills Coffee,https://threehills.co.uk
Trading Post Coffee Roasters,https://tradingpost.coffee
Tropic Coffee Ltd,https://tropiccoffeeltd.com
Two Chimps Coffee,https://twochimps.co.uk
Twoday Coffee Roasters,https://twoday.co.uk
Tynemouth Coffee Company,https://tynemouth.com
Ue Coffee Roasters,https://ue.co.uk
Uncommon Ground Coffee Roastery,https://uncommonground.co.uk
Union Hand-Roasted Coffee,https://unionroasted.com
Unorthodox Roasters,https://unorthodox.com
Unravel Coffee,https://unravelcoffee.com
Uplands Roast,https://uplandsroast.co.uk
Vagabond Coffee Roasters,https://vagabond.co.uk
Velik Coffee,https://velik.co.uk
Viento Coffee Company,https://viento.co.uk
Viking Coffee,https://viking.co.uk
Volcano Coffee Works,https://volcanocoffeeworks.com
Voyager Coffee,https://voyagercoffee.co.uk
Watch House,https://watchhouse.co.uk
Waveney Valley Coffee,https://waveneyvalley.co.uk
Well Roasted Coffee,https://wellroasted.com
We Love Coffee,https://welovecoffee.com
Westfield Coffee,https://westfieldcoffee.co.uk
White Rose Coffee Roasters,https://whiterose.coffee
White Star Coffee,https://whitestar.co.uk
Wild Pen Coffee Roasters,https://wildpen.coffee
Winchester Coffee Roasters,https://winchester.com
Wood St Coffee Roasters,https://woodst.com
Workhouse Coffee Company,https://workhousecoffee.com
Works Coffee Roasters,https://workscoffee.com
Workshop Coffee,https://www.workshopcoffee.com
Yallah Coffee,https://yallah.uk
Yellow Bourbon Coffee Roasters,https://yellowbourbon.co.uk
York Coffee Emporium,https://yorkemporium.com