,Name,Site,Address
,17 Grams,https://17grams.co.uk/,
,19 Coffee and Tea,https://19coffeeandtea.co.uk/,"Shrewsbury, United Kingdom"
,200 Degrees,https://200degs.com/,"Meadow Lane, Nottingham, NG2 3HE"
,38 Espresso,https://38espresso.com/,"253 Abbey Road, Millisle, Newtownards, United Kingdom"
,39 Steps Coffee,https://39stepscoffee.com/,
,3FE Coffee,www.3fe.com,"32/34 Lower Grand Canal St, Dublin, Ireland"
,47 Degrees Coffee Roasters,www.47degreescoffee.com,Unit 24 Bailey Brook Business Park Langley Mill Nottingham NG16 4BE
,80 Stone Coffee Roasters,www.80stonecoffeeroasters.co.uk,"512 Fulham Rd, Fulham, London SW6 5NJ"
,918 Coffee,http://www.918coffee.com/,"10 Old Market Centre, Gillingham, Dorset, SP8 4QQ"
,92 Degrees Coffee,https://www.92degreescoffee.com,"The Baltic Roastery, 49 Jamaica Street, Liverpool, L1 0AH"
,A Big O Coffee,https://www.abigocoffee.com/,"London, England"
,ABE & Co,https://www.abeandco.co.uk/,"Manchester, United Kingdom"
,Adams & Russell,https://coffeeblog.co.uk/adamsrussellcoffee,"48 Appin Road, Argyle Industrial Estate, Birkenhead, Merseyside, CH41 9HH"
,Alchemy Coffee,alchemycoffee.co.uk,"Unit 14-16, Riverside Business Park, Lyon Road, London, SW19 2RL "
,Alfie & Co Coffee Roasters,https://alfiecoffee.co.uk/,"Unit 16, 3 Forrest StreetGlasgowG40 2TX"
,All About The Grind,https://allaboutthegrind.shop/,"Aston Road, Waterlooville, United Kingdom"
,Allpress Espresso UK,https://www.allpressespresso.com/,"55 Dalston Lane, Dalston, London, E8 2NG"
,Altitude Coffee,https://altitudecoffee.ie/,"Kilcrea Farm, Donabate, Ireland"
,Altitude Coffee London,altitude-coffee.co.uk,"Unit 2, 190 Hornchurch RoadHornchurchRM11 1QL "
,Amber Coffee Roasters,https://t.co/xR8hWKks4r,Cricklewood Station
,Anam Coffee,https://www.anamcoffee.ie/,"Kilcorney, Kilfenora, Ireland"
,Ancoats Coffee Co.,https://www.ancoats-coffee.co.uk/,"9 Royal Mills, 17 Redhill St, Manchester, M4 5BA"
,And Bloss,https://www.andbloss.com/,"Bloss Coffee Roasters , Ashford, United Kingdom"
,Andronicas Coffee,www.andronicas.com,"91-93 Great Eastern Street, London, EC2A 3HZ"
,Angelucci Coffee,angeluccicoffee.co.uk,"472 Long Lane, East Finchley, London, N2 8JL "
,Anonymous Coffee,https://www.anonymouscoffee.co.uk/,"Roost, 14th Floor, Thames Tower, Reading, RG1 1LX"
,Anvil Coffee,www.anvilcoffee.co.uk,"Basingstoke, Hampshire"
,Apostle Coffee,https://apostlecoffee.com/,
,Argyll Coffee,https://www.argyllcoffee.co.uk/,"Unit 1, Kames Industrial Estate, Kames, Argyll, Scotland, PA21 2AB"
,Ariosa coffee,www.ariosacoffee.com,"Borranstown, Ashbourne, Co. Meath, Ireland"
,Aroma Tea & Coffee,www.aroma-coffee.co.uk,"4 Hotspur Park, Knights Way, Battlefield Enterprise Park, Shrewsbury, Shropshire , SY1 3FB"
,Artisan Coffee Roasters,https://www.artisancoffeeroasters.co.uk/,"The Pastures, Winchester Hampshire, UK"
,Artisan Roast,http://www.artisanroast.co.uk,"57 Broughton Street, Edinburgh, Scotland, EH1 3RJ"
,Assembly Coffee,assemblycoffee.co.uk,
,Atkinsons Coffee Roasters,www.thecoffeehopper.com,"China Street, Lancaster, Lancashire, LA1 1EX"
,Bad Habits Coffee,https://badhabitscoffee.ie/,"Basin street, Naas, Co. Kildare."
,Bad Hand Coffee,https://www.badhandcoffee.com/,"7 Norwich Road, Bournemouth, United Kingdom"
,Bailies Coffee,www.bailiescoffee.com,"27 Stockman’s Way, Belfast, Northern Ireland, BT9 7ET"
,Balance Coffee,www.balancecoffee.co.uk,"Balance Coffee, Kemp House, 152-160 City Road,London, EC1V 2NX"
,Baltic Coffee,https://balticcoffee.co.uk/,"Studio N, 49 Jamaica Street, Liverpool L1 0AH"
,Barista Cats,https://www.barista-cats.com/,Beaconsfield
,BaristocracyCoffee,www.baristocracycoffee.com,
,Basecamp Coffee Roasters – Formerly Makushi Coffee,https://basecampcoffee.bigcartel.com,"12 Steep Hill, Lincoln, LN21LT. On the steep hill on the way up to Lincoln Cathedral."
,Batch26 Coffee co,www.batch26.com,London
,Bay Coffee Roasters,https://baycoffeeroasters.com/,Unit 2 / Parc Tanygroes Cardigan Wales SA43 2JP
,Baytown Coffee Company,www.baytowncoffeecompany.com,"The Roastery, Hawsker, Whitby, YO22 4JU"
,Bean 14,https://bean14.com/,"Bean 14 Limited La Rue des Reines Forest, Guernsey GY8 0JB"
,Bean Bear,https://beanbear.co.uk/,"BeanBear, 3rd Floor 207 Regent Street London W1B 3HH United Kingdom"
,Bean Brothers,www.beanbrothers.co.uk,"Fairfield Mills, Queen Street South, Huddersfield, West Yorkshire, HD1 3DX"
,bean miles,beanmiles.co.uk,"Wetheral, Carlisle, Cumbria "
,Bean Shot Coffee,http://www.beanshot.co.uk,"The Roastery, Old Mill Business Park, Station Road, Brunton, Somerset, BA10 0EH"
,Bean Smitten,www.beansmitten.co.uk/,"Cedar Gables, Hastings Road, Flimwell, East Sussex, TN5 7QA"
,Bean Vibes Coffee,https://beanvibes-coffee.co.uk/,"7 Bell Yard , London , WC2A 2JR"
,Bean West Coffee,https://www.beanwestcoffee.com/,"Unit 18/5B Westport Industrial Park Mayo, Ireland"
,Beanberry Coffee Company,www.beanberrycoffee.com,"13a Boundary Business Centre, Boundary Way, Woking, Surrey, GU21 5DH"
,Beans and Leaves,www.beansandleaveswolves.co.uk,"Wolverhampton, West Midlands"
,Beanworks,www.thebeanworks.co.uk,"The Roastery, 5 Viking Business Centre, High Street, Woodville, Derbyshire, DE11 7EH"
,Bear Market,https://www.bearmarket.ie/,Lower Kilmacud Road - Old Church Stillorgan Co Dublin A94T714
,Belfast Coffee Roasters,www.belfastcoffeeroasters.com,Unit 5C Townsend Enterprise Park Townsend Street BELFAST BT13 2ES
,Bell Lane Coffee,www.belllane.ie,"Mullingar, Co Westmeath, Ireland"
,Bennachie Coffee Roasters,https://www.bennachie.coffee/,"Banchory, Grampian, Scotland."
,Berries Coffee Co,https://www.berriescoffee.co.uk/,"Berries Coffee, Hart Street, Henley-on-Thames"
,Bewley’s Ireland,www.bewleys.com,"78/79 Grafton Street, Dublin, Ireland"
,Big Dog Coffee,https://bigdogcoffeeco.com/,"138 Blackwood High Street, Blackwood, United Kingdom"
,Bionic Bull,https://bionicbull.co.uk/,Unit 5 Dicker Mill Hertford Hertfordshire SG13 7AE
,Birdie Coffee,https://www.birdie.coffee/,Alyth
,Black Cat Coffee,www.blackcatcoffee.co.uk,"Norfolk, UK"
,Black Mountain Roast,https://blackmountainroast.com/,"Llangwathan Farm, Hay, United Kingdom"
,Black Sheep Coffee,www.leavetheherdbehind.com,"Café in Camden, 26 Camden High Street, London, NW1 0JH"
,Blenders of Northampton (Gaggia),https://gaggia.ecwid.com/,"75 St Giles' St, Northampton, NN1 1JF"
,Blind Monkey Coffee,https://blindmonkeycoffee.com/,"20 Woodbank Dr, Finglas, DUBLIN 11, D11 Y2A2, Ireland"
,Blind Owl Coffee,www.blindowlcoffee.com,"32 Feeder Road, Bristol, BS2 0SE"
,Blindman Coffee,https://www.blindmancoffee.co.uk/,"Unit 27, New Hall Hey Business Park, BB4 6HL"
,Bloss Coffee Company,www.andbloss.com,"Kingsmill Granary Mill House Mill Hill, Kingsnorth, Kent, TN23 3EW"
,Blossom Coffee Roasters,www.blossomcoffee.co.uk,"The Old Bank Residency, Hanover Street, Noma, Manchester M4 4AH"
,Blue Goose Coffee,bluegoose.coffee,
,Blue Hour Coffee,https://www.bluehourcoffee.co.uk/,
,Blue Monday Coffee,https://bluemondaycoffee.co.uk/,
,Blue Sky Bangor,https://www.blueskybangor.co.uk/,"Ambassador Hall, Rear of 236 High Street , Bangor, United Kingdom"
,Boden Park Coffee,https://bodenparkcoffeeco.com/,"Boden Park Coffee Roasters Ltd Unit 9A, 28 Townsend Street Belfast, BT13 2ES, NI"
,Bohemia Roasts,www.bohemiaroasts.com,"9 Cross Keys Mews, St Neots, Cambridgeshire, PE19 2AR"
,Boona Boona Coffee Roasters,www.boonaboona.co.uk,Bristol
,Boost Coffee,https://boostcoffeeco.co.uk/,"GL17 9ED Drybrook, , United Kingdom"
,Bosk Coffee Roasters,https://www.boskcoffeeroasters.co.uk/,
,Boun Beans,http://bounbeans.com,"BOUN BEANS, 8 SHEPHERD MARKET, MAYFAIR, LONDON, W1J 7QU"
,Brady’s Coffee,https://www.bradyscoffee.ie/,Wicklow
,Braw Beans,https://brawbeans.com/,"Zetland, West Linton, United Kingdom"
,Brazier Roasters,braziercoffeeroasters.co.uk,"Puttee House Unit 10, Tonedale Mill Business Park Wellington, Somerset TA21 0AW"
,Brew Box Coffee,https://www.brewboxcoffee.ie/,
,Brew Coffee Plus,https://www.brewcoffeeplus.com/,
,Brewery Lane Coffee,https://www.brewerylanecoffee.co.uk/,"Dundee, Scotland"
,Brewup Coffee,https://brewup.co.uk/,"Old Windsor, Windsor, Berkshire, SL4 2PB"
,Bridge Coffee Roasters,www.bridgecoffeeroasters.co.uk,"1 Alder Avenue, Dyffryn Business Park, Ystrad Mynach, Cardiff, Wales, CF82 7RJ"
,Bright Lights Coffee,https://www.brightlightscoffee.com/,
,Bro Coffee,https://brocoffee.co.uk/,
,Broadway Coffee Roasters,https://broadwaycoffeeroasters.co.uk/,147 Highland Road Southsea Portsmouth PO4 9EY
,Brown Bear,brownbear.co,UK 
,Bruce & Lukes Coffee,www.bruceandlukes.com,"Carlisle, Cumbria"
,Butterworth & Son,www.butterworthandson.co.uk,"1D Boldero Road, Moreton Hall, Bury St Edmunds, Suffolk, IP32 7BS"
,Cafe Hormozi,www.hormozi.co.uk,"Solna, Keycol hill, Sittingbourne, ME9 8NE, Kent"
,Cafe Moly Roastery,https://cafemolyroastery.com/,"99 Douglas Street, Cork, Ireland"
,Cafe Rico,https://www.caferico.co.uk,"Cafe Rico Ltd, Archard House, Waverly Road, Weymouth, Dorset, DT3 5HL"
,Cafédirect Handpicked,handpicked.cafedirect.co.uk,"21 Whiston Road, London, E2 8EX"
,Cafeology,https://store.cafeology.com/,"Sheffield, United Kingdom"
,Cafes Novell,https://www.novellcoffee.co.uk/,Wetherby
,Cafezinho Coffee,https://cafezinho.coffee,"Cafezinho Coffees Ltd All Saints, High Drive, Woldingham, Caterham, Surrey, CR3 7ED"
,Caffe Ginevra UK,www.caffeginevra.co.uk,"16 Front Street, Prudhoe, Northumberland, NE42 5HN"
,Caffe Society,www.caffesociety.co.uk/,"Tornado House, Moxon Way, Sherburn In Elmet, Leeds, West Yorkshire, LS25 6FB"
,Caffe’ Amici,https://www.caffeamici.co.uk/,Office 0833 Hanger Lane London W5 3HJ
,Cairngorm Coffee,https://cairngorm.coffee/,Edinburgh
,Cairngorm Leaf and Bean,https://www.cairngormleafandbean.co.uk/,"Unit 9/1, Achnagonalin Industrial Estate Grantown on Spey PH26 3TA"
,Calendar Coffee,https://calendarcoffee.ie/,
,Campbell & Syme,www.campbellandsyme.co.uk,"Fortis Green, London, N2 9JR"
,Campervan Coffee Co,campervancoffeeco.co.uk,"28 Whitehorse Street, Baldock, Hertfordshire "
,Cannon Coffee,https://www.cannoncoffee.co.uk/,"Unit 11 Martlands Industrial Estate, Smarts Heath Ln, Woking, GU22 0RQ"
,Cannonball Coffee Company,https://cannonballcoffee.co.uk/,"Old Fire Station Enterprise Centre, Salt Lane, Salisbury, SP1 1DU"
,Capital Coffee,www.capitalcoffee.co.uk,"5 Saxon Business Centre, Windsor Avenue, London, SW19 2RR"
,Capital Roasters,http://capitalroasters.co.uk,"Pembroke Dock,"
,Capitol Foods,https://www.capitolfoods.com/,"Unit D3, 9 Ferguson Drive, Knockmore Hill Business Park , Lisburn, United Kingdom"
,Caravan Coffee Roaster,http://www.caravanrestaurants.co.uk/exmouth-market.html,"Granary Building, 1 Granary Square (off Goods Way), London, N1C 4AA"
,Cargo Coffee,https://cargocoffee.co.uk/,"16C, BELFAST ROAD, BANGOR, BT20 3PX"
,Caribe Coffee,https://www.caribecoffeeco.com/,"Northumberland England, UK"
,Carnival Coffee Roasters,www.carnivalcoffee.co.uk,"Penge, London, SE20"
,Carringtons Coffee Co,carringtonscoffee.co,"The Roastery at Kenyon Hall Farm, Winwick Lane, Croft, Warrington, Cheshire, WA3 7ED "
,Carrow Coffee,https://carrow.ie/,"Beltra, Sligo, Ireland"
,Cartwheel Coffee Roasters,https://cartwheelcoffee.com/,
,Carve Coffee,https://www.carvecoffee.co.uk/,"Unit 16 Anvil Centre, Prospect Business Park, Swanage, United Kingdom +44 7729 530152"
,Carvetii Coffee,www.carvetiicoffee.co.uk,"The Roastery, Embleton, Cockermouth, Cumbria, CA13 9YA"
,Casa Espresso,http://www.casaespresso.co.uk/,"U5 Briar Rhydding House, Otley Road, Shipley, West Yorkshire, BD17 7JW"
,Cast Iron Coffee Roasters,http://castironroasters.com,"Unit 1, Quell Farm Ind. Units, Greatham, Pulborough, West Sussex, RH20 2ES"
,Catalyst Coffee Roasters,catalyst.cafe,"48 Gray's Inn Road, Holborn, London, WC1X 8LT "
,Chairs and Coffee,chairsandcoffee.co.uk,"512 Fulham road, London, SW6 5NJ "
,Chapel Street Coffee,https://www.chapelstreetcoffee.co.uk/,"Chapel Street, Llangollen, United Kingdom"
,Chapter Coffee,chaptercoffee.com,"London, W2 4UA "
,Cheltenham Coffee,https://cheltenhamcoffee.com/,
,Cherry Blend,https://www.cherryblendcoffeeroasters.com/,1003 Cherry Ave. NE Canton Ohio 44704
,Chimney Fire Coffee,https://www.chimneyfirecoffee.com/,"The Courtyard, Ranmore Manor Dunley Hill, Dorking RH5 6SX"
,Chipp Coffee,https://chippcoffee.co.uk/,
,Cielo Coffee Roasters,http://cielouk.com,"41 Main Street, Garforth, Leeds, LS25 1DS"
,Cinema Coffee Project,https://cinemacoffeeproject.com/,"20 PORTADOWN ROAD, LURGAN, CRAIGAVON BT66 8RE"
,Cinema Coffee Project,https://cinemacoffeeproject.com/,"20 PORTADOWN ROAD, LURGAN, CRAIGAVON BT66 8RE"
,Clifton Coffee,https://cliftoncoffee.co.uk/,
,Climpson and sons coffee,climpsonandsons.com,"The Arch Roastery, Arch 374, Helmsley Place, London, E8 3SB "
,Clo Coffee,https://clocoffee.com/,"41 Main Street, Leeds, United Kingdom"
,Cloud Gate Coffee,https://cloudgatecoffee.co.uk/,"Hawkcliffe Works, Hebden Rd, Oxenhope BD22 9SY"
,Cloud Picker Coffee,www.cloudpickercoffee.ie,"Science Gallery Café, Pearse St, Dublin, Ireland"
,Clumsy Goat Coffee,https://bit.ly/2O6G9BY,"D10 Fieldhouse Industrial Estate, Fieldhouse Road, Rochdale, Lancashire, OL12 0AA"
,Coaltown Coffee Roasters,www.coaltowncoffee.co.uk,"The Roastery, Glynhir Rd, Llandybie, Ammanford, SA18 2TB"
,Cobbled Roaster,https://cobbledroaster.co.uk/,
,Coburg Coffee Co.,coburgcoffeecompany.co.uk,"3 Harrington Way, Warspite Road, London, SE18 5NU "
,Coffee Bay,https://coffeebay.co.uk/,274 Ewell Road Surbiton Surrey KT6 7AG
,Coffee Bean Shop,www.coffeebeanshop.co.uk,"Unit 20, Connect 10 Business Park, Foster Road, Ashford, Kent, TN24 0FE"
,Coffee Central,coffeecentral.co.uk,"Unit 1 Pentrich Road, Giltbrook Ind. Estate, Nottingham, NG16 2UZ "
,Coffee Compass,www.coffeecompass.co.uk,"Fort Road, Wick, Littlehampton, West Sussex, BN17 7QZ"
,Coffee Diff,coffeediff.co.uk/coffee-grid-view,
,Coffee Direct,www.coffeedirect.co.uk,"Mallens Brae, Torphichen, Bathgate, West Lothian, EH48 4NY"
,Coffee Factory,http://thecoffeefactory.co.uk,"Samuria Buildings, Seaton Junction, Axminster, Devon, EX13 7PW"
,Coffee House Lane,https://coffeehouselane.ie/,"Unit 619b Northern Extension, IDA Industrial Estate , Waterford, Ireland"
,Coffee Knoydart,https://www.coffeeknoydart.com/,"Dun Ban Doune, Knoydart, United Kingdom"
,Coffee Maker Guy,https://coffeemakerguy.com/best-espresso-machines-under-100/,"23/3 sukrabad,Dhanmondi,Dhaka"
,Coffee Mango,https://coffeemango.com,Wokingham
,Coffee Mongers,https://www.coffeemongers.com/,Unit 13 Lymington Enterprise Centre Ampress Lane Lymington SO41 8LZ
,Coffee Options,https://coffeeoptions.ie/,Unit 1 Tedwell Business Park Cavan Lower Killygordon Co.Donegal F93 VK2A
,Coffee Plant,www.coffee.uk.com,"180 Portobello Road, Notting Hill, London, W11 2EB"
,Coffee Real Ltd,www.coffeereal.co.uk,"The Elephant House, Graylands Est., Langhurst Wood Road, Horsham, West Sussex, RH12 4QD"
,Coffee Sense,www.coffeesense.co.uk,"Unit 1, 18B Bennetts Field Trading Estate, Wincanton, Somerset, BA9 9DT"
,Coffee Tepuy Artisans,https://www.terracoffee.co.uk/,2 Crighton Place EH74NZ Edinburgh
,Coffee Wanchors,https://www.coffeewanchors.co.uk/,
,Coffee Wing,https://coffeewing.co.uk/,"Hereford, UK"
,Coffee World,www.coffeeworld.co.uk,"Coffee World (UK) Ltd, 135 Cambridge Road, Milton, Cambridge, CB24 6AT"
,CoffeeBeanShop,www.coffeebeanshop.co.uk,"Unit 20, Connect 10 Business Park, Foster Road, , Ashford, Kent, TN24 0FE"
,CoffeeLink,https://coffeelink.com/,"31 Knightsdale Road, Ipswich, Suffolk IP1 4JJ"
,Coffidre Cymru,https://coffidre.cymru/,Caernarfon
,Colco Coffee,www.colcocoffee.com,"6 Royal Parade, Hanger Hill, London W5 1ET"
,Coldblow Coffee,www.coldblowcoffee.co.uk,"Woodchurch, Kent"
,Cole & Mac,https://www.coleandmac.co.uk/,"Kingswinford, United Kingdom"
,Coleman Coffee Roasters,colemancoffee.com,"Unit 5, Dockley Estate, Dockley Road, London "
,Colombia Coffee Roasters,https://www.colombiacoffeeroasters.com,"Unit 30 Old London Road, Oxford, OX33 1XW"
,Colonna Coffee,www.colonnacoffee.com,Bath
,ColourCoffeeRoastery,www.colourcoffee.co.uk,"1 Pink Lane, Newcastle upon Tyne, Tyne and Wear, NE1 5DW"
,Common Coffee,www.commoncoffee.co.uk,"WOODLEA STABLES, INVERKEITHING ROAD, CROSSGATES, Scotland, KY11 7ER"
,Coney Island Coffee,https://www.coneyislandcoffee.co.uk/,"20 Portadown Road, Lurgan, United Kingdom"
,Contact Coffee Co.,www.contactcoffee.com,"Contact Coffee Company OFFISS, 3rd Floor, Falcon Point Heath Hayes, Park Plaza, Cannock, WS12 2DE"
,Cool Hand Coffee Roasters,https://coolhandcoffeeroasters.ie/,"heart of Kilmainham D8, in IFSC Square D1, with a newly opened shop on Upper Baggot Street D4."
,Cooper & Co,https://cooper.co.je/,57 Halkett Place St Helier Jersey JE2 4WG
,Copper Coffee Roasters,https://coppercoffeeroasters.co.uk/,"Unit 4b Bramley Hedge Farm, Redhill Road, Cobham KT11 1EQ"
,Corban Coffee,https://www.corbancoffee.co.uk/,
,Cork Coffee Roasters,https://corkcoffeeroasters.ie/,"2 Bridge St, Cork, Ireland"
,Cornico,https://www.cornico.co.uk/,"Cornico Coffee, Higher Trevibban, Wadebridge, United Kingdom"
,CounterRoast,www.counterroast.co.uk,"Devonbanks Cottage, Pitgober, Dollar, Clackmannanshire, Scotland, FK14 7PQ"
,Cove coffee,https://covecoffee.uk/,
,CRACKD Coffee,https://crackd.coffee/,United Kingdom
,Craft House Coffee,crafthousecoffee.co.uk,"Unit F3, Blacklands Farm, Wheatsheaf Rd, Henfiled, West Sussex, BN5 9AT "
,Crafty Smuggler Coffee,https://craftysmugglercoffee.co.uk/,"82a Western Street, Swansea"
,Crankhouse Coffee,www.crankhousecoffee.co.uk/,"35 Masterson Street, Exeter, Devon, EX2 5GR"
,Creation Coffee,creationcoffee.co.uk,"Weaverham, Cheshire, CW8 3JA "
,Crediton Coffee,www.creditoncoffee.co.uk,"1 Market Square House, Market Street, Crediton, Devon, EX17 2BN"
,Creed Coffee,https://www.creed.coffee,"UNIT 3 MARINE HIGHWAY, BT387FG, Carrickfergus"
,Creed Coffee Roasters,https://creedcoffeeroasters.ie/,"Main Street, Celbridge, Ireland"
,Crema the Crop,https://cremathecrop.co.uk/,"Axminster Carpets Estate, Unit 7A, Woodmead Road, Axminster, United Kingdom"
,Cribyn Coffee Company,https://www.cribyncoffeecompany.com/,
,Cricklewood Coffee Roasters,cricklewoodcoffee.co,
,Crosby Coffee,https://www.crosbycoffee.co.uk/,"2 Oxford Road, Wateroo, L22 8QF"
,Cuck Field Coffee,https://www.cuckfieldcoffee.co.uk/,"Coffee Barn @ Spicers Farm, Whitethroat Lane"
,Cult-Espresso,https://www.cult-espresso.com/,"104 Buccleuch Street, Edinburgh, United Kingdom"
,Cuppers Choice Coffee,https://cupperschoice.coffee/,"UNIT F1, G4, 19-21 CARLISLE ST, SHEFFIELD, S4 7QN UNITED KINGDOM"
,Curious Roo,https://www.curiousroo.com/,"Curious Roo Coffee Roasters 2 British Grove, London, W4 2NL"
,Curve Roasters,www.curveroasters.co.uk,"172 Northdown Rd, Margate, Kent, CT9 2QN"
,Cworks (The Coffeeworks),https://cworks.co.uk,
,Danelaw Coffee,www.danelaw.coffee,"Unit D11, Gate 4 Meltham Mills Industrial Estate, Meltham, Holmfirth, HD9 4DS"
,Danielle’s Coffee,www.daniellescoffee.co.uk,"1 Burwarton, Bridgnorth, Shropshire, WV16 6QG"
,Dark Arts Coffee,www.darkartscoffee.co.uk,"Homerton, London, E9"
,Dark Fluid Coffee,darkfluid.co.uk,"Brockley Market, London, SE4 1UT "
,Dark House,https://darkhouse.co.uk/,"Unit 3, Sunset Hill, Keswick, United Kingdom"
,Dark Woods Coffee,darkwoodscoffee.co.uk,"Holme Mills, West Slaithwaite Road, Marsden, HD7 6LS "
,Dawn Roasters Coffee co,https://dawnroasters.com/,
,Dear Green Coffee,https://www.deargreencoffee.com,"13-27 East Campbell Street, Glasgow G1 5DT"
,Decadent Decaf Coffee Company,www.decadentdecaf.com,"Fort Road, Wick, Littlehampton, BN17 7QZ"
,DEEPmills Suffolk,www.deepmills.co.uk,"45 Orchard Close, Woodbridge, Suffolk, IP12 1LD"
,Discount Coffee,https://www.discountcoffee.ie/,"Rathdown Road, Lisburn, United Kingdom"
,Divine Coffee,https://divinecoffee.co.uk/,74 Micklegate YO1 6LF York
,DJ Miles,www.djmiles.co.uk,"Porlock House, Stephenson Road, Minehead, Somerset, TA24 5EB"
,Django Coffee Co.,www.djangocoffeeco.com,"Unit 5, 58-60 Higher Ardwick, Manchester, M12 6DA"
,Dnisi,https://dnisi.com/,"87 COWGATE, KIRKINTILLOCH G66 1JD"
,Do Good Coffee,https://dogoodcoffee.uk/,"Little Pett Bottom Farm, Maxted Street CT4 6DJ"
,Dockside Roastery,https://www.docksideroastery.co.uk/,England
,Domestique Coffee,https://www.domestiquecoffee.com/,"3017 6th Ave South. Birmingham, Al, 35233"
,doppiocoffee,doppiocoffee.co.uk,"90 Hanbury Street, London, E1 5JL "
,Double Trouble Coffee,https://doubletroublecoffee.co.uk/,"Bridgend, United Kingdom"
,Dragon Roastery,https://www.dragonroastery.co.uk/,"Newborough, Llanfairpwllgwyngyll, United Kingdom"
,Dream Beans Coffee,https://dreambeanscoffee.ie/,"Greenbean House, Coes Road, Dundalk, Ireland"
,Drop Hopper Coffee,https://www.drophoppercoffee.com/,"Unit 3 Masonsfield Business Park, Kilmore Village, Crossgar, United Kingdom"
,Drury Tea & Coffee,www.drurycoffee.com,"Unit 15 Rich Industrial Estate, Crimscott Street, London, SE1 5UF"
,DublinBaristaSchool,dublinbaristaschool.ie,"19a Anne Street South, Dublin, Ireland, 2 "
,Due Fratelli Coffee,https://duefratellicoffee.co.uk/,"Unit B, Broadway Drive, Halesworth Suffolk, IP19 8QR"
,Durham Coffee,www.durhamcoffee.co.uk,"Unit 8, AMR Building, Sacriston Industrial Estate, Plawsworth Road, Durham, DH7 6JX"
,Dusty Ape Roastery & Coffee Bar,dustyape.com,"Marsh Farm Roastery, Hilperton, Wiltshire, BA14 7PJ "
,DYFI Roastery,https://www.dyfiroastery.com/,"Unit 5, Village Workshops, Llanbrynmair, United Kingdom"
,Easy Jose Coffee,https://easyjosecoffee.co.uk/,17 Waterer Way Shepton Mallet BA4 5FL
,Echelon Coffee,https://www.echeloncoffee.co.uk/,"Unit 20 Penraevon Industrial Estate, Leeds, United Kingdom"
,Eco-Roast,https://www.eco-roast.com/,"Semley Industrial Estate Station Rd, Semley, Shaftesbury SP7 9AN, United Kingdom"
,Edgcumbes Coffee Roasters and Tea merchants,www.edgcumbes.co.uk,"Wicks House, Ford Lane, Arundel, West Sussex, BN18 0DF"
,Edinburgh Tea & Coffee Co,https://www.etcc.co.uk/,"214/15G Sir Harry Lauder Road, Edinburgh, United Kingdom"
,Eighty Seven Plus,https://eightysevenplus.com,"Whitstable, Kent"
,Eighty9,https://www.eighty9.ie/,"64 Lower Georges Street Dun Laoghaire, Ireland na"
,ELECTRIC COFFEE CO.,electriccoffee.co.uk,"40 Haven Green, London, W5 2NX "
,Electro Coffee,https://electrocoffee.co.uk/,
,Element Coffee,https://www.elementcoffee.co.uk/,236 Northfield Avenue London W13 9SJ
,Eleven 14,https://www.eleven14.ie/,"Unit A1, Annacotty Business Park Limerick, V94 DX04"
,Elsewhere Coffee,https://elsewherecoffee.com/,"FFINCH STREET, London, United Kingdom"
,Established,https://established.coffee/,"54 Hill Street, Belfast, United Kingdom"
,Ethical Addictions,www.eacoffee.co.uk,"Rear Warehouse, 69A Alvin Street, Gloucester, GL1 3EH"
,Exchange Coffee Co.,www.exchangecoffee.co.uk,"Craven, Calderdale, Clitheroe, Lancashire"
,EXE Coffee Roasters,https://execoffeeroasters.co.uk/,"88 QUEEN STREET,EXETER DEVON,EX4 3RP"
,Exmouth Coffee Roasters,https://exmouthcoffeeroasters.co.uk/,"Address - Exmouth Coffee Roastery, Unit 1, Gunthorpe St, London"
,Extract Coffee,www.extractcoffee.co.uk,"Unit 1, Gatton Road, Bristol, BS2 9SH"
,Farrers ™,www.farrerscoffee.co.uk,"Shap Road Industrial Estate, Fell View Trading Park, Kendal, Cumbria, LA9 6NZ"
,Federation Coffee,federation.coffee,"Unit 77-78, Brixton Village Market, London, SW9 8PS "
,Ferns,www.coffeeisferns.co.uk,"Fern House, 4 Onslow Close, Basingstoke Hampshire, RG24 8QL"
,Ferrari’s Coffee,www.ferrariscoffee.co.uk,"Unit 2300 Central Park, Bridgend Ind. Estate, Bridgend, Mid Glamorgan, Wales, CF31 3TY"
,Ffa da,https://ffada.co.uk/,Llandanwg
,Fianchetto Coffee,https://www.fianchettocoffee.com/,"4 Ramsey row, Goole DN14 9HJ, UK"
,Fidela Coffee,https://fidelacoffee.com/,Lower Newmills Coleraine BT52 2JR Northern Ireland
,Figment Coffee,https://figmentcoffee.com,"70 countesswells road, Aberdeen City, AB15 7YJ"
,Fika Coffee Roasters,https://www.fikacoffeeroasters.co.uk/,"Unit 2B Riverside Industrial Estate, Langley Park, Durham, DH7 9TT"
,FINCA,fincacoffee.co.uk,"41 Great Western Road, Dorchester, Dorset, DT1 1UF "
,Finest Coffee Beans & Tea,http://www.finestcoffee.co.uk,"22, Market Street, Longton, Stoke-on-Trent"
,Fire & Flow Coffee,https://www.fireandflowcoffee.co.uk/,"Unit 2aTall Trees Estate,Bagendon"
,Firebird Coffee Company,https://www.firebirdcoffee.co.uk/,London
,First We Brew,https://firstwebrew.com,"Unit 38956, 13 Freeland Park, Wareham Road, Poole, Dorset, BH16 6FH, UK"
,Flaming Bean Coffee,www.flamingbeancoffee.co.uk,"Unit 39, Clayhill Light Industrial Park, Coalbrookdale Rd, Neston, Cheshire, CH64 3UG"
,Flat Cap Coffee,https://www.flatcapcoffee.com/,"Unit 2C, Fitz Gilbert Court, Castledown Business Park, SP11 9FA."
,Footprint Coffee,www.footprintcoffee.co.uk,"Ednol Farm, Kinnerton, Presteigne, Powys, Wales, LD8 2PF"
,Forge Coffee Roasters,https://forgecoffeeroasters.co.uk/,"The Forge Coffee Roasters, Don Road, Sheffield, S. Yorkshire, S9 2TF"
,Forth Coffee Roasters,https://www.forthcoffee.com/,"Edinburgh, Scotland"
,Fortitude Coffee Roasters,https://www.fortitudecoffee.com/,Edinburgh
,Foundation Roasters,https://www.foundationroasters.co.uk/,
,Foundry Coffee roasters,https://foundrycoffeeroasters.com,"Cutlery Works (upstairs), 73-101 Neepsend Lane, Sheffield, S3 8AT"
,Fountain Rock Coffee,https://fountainrockcoffee.co.uk/,"6 Albany Road, Weymouth England DT4 9TH United Kingdom"
,Four Rivers Coffee,https://fourriverscoffee.co.uk/,
,Frazer’s Coffee Roasters,frazerscoffeeroasters.co.uk,"Unit 39/40 Effingham Road, Attercliffe, Sheffield, South Yorkshire, S9 3QA "
,"Freehand Coffee (Cornish Coffee, part of Miko coffee.)",www.freehandcoffee.com,"Unit 4 Barncoose Ind. Est, Redruth, Cornwall, TR15 3RQ"
,Freshpac,freshpac.co.uk,"Unit B, Broadway Drive, Halesworth, Suffolk, IP19 8QR "
,Fuel & Fable,www.fuelandfable.co.uk,1a Reid Street Avon trading Estate Christchurch Dorset BH23 2BT
,Full Bloom Coffee,https://fullbloomcoffee.co.uk/,
,Full Bloom Coffee Roasters,https://fullbloomcoffee.co.uk,Surrey
,Full Circle Roasters,https://www.fullcircleroasters.ie,"Carrickmacross, Co. Monaghan, Ireland"
,Full Spectrum Coffee,www.fullspectrumcoffee.com,Unit 5Sunnyside FarmShrewsburySY4 4BJ
,Garage Coffee,www.garageroasted.co.uk,"Southview, Maypole Lane, Hoath, Canterbury, Kent, CT3 4LL"
,Garraways Coffee,www.garraways.co.uk,"Unit 42 Bradley Court, Bradley Fold Trading Estate, Radcliffe Moor Road, Bolton, Lancashire, BL2 6RT"
,Geometry Coffee,https://www.geometrycoffee.ie/,Unit 12 MG Business Park Tuam Co. Galway H54 RC64
,Ghostship Coffee,https://www.ghostshipcoffee.co.uk/,Newcastle upon Tyne
,Gillards of Bath,www.gillards.co.uk,"1 Roseberry Place, Lower Bristol Road, Bath, BA2 3DU"
,Ginger Monkey,https://gingermonkeyroasters.com/,31 Christleton Road Chester CH3 5UF
,GirlsWhoGrindCoffee,www.girlswhogrindcoffee.com,"UPTON SCUDAMORE, Wiltshire"
,Glen Lyon Coffee,www.glenlyoncoffee.co.uk,"Glen Lyon Coffee Roasters, Aberfeldy Business Park, Aberfeldy, Perthshire, PH15 2AQ"
,Glesga Roasters,http://www.glesgaroasters.com/,21 Park Avenue Bishopbriggs G64 2SN
,Godfrey C. Williams & Son Ltd,www.godfreycwilliams.co.uk,"9-11 Market Square, Sandbach, Cheshire , CW11 1AP"
,GoldBox Roastery,www.goldboxroastery.com,Newcastle upon Tyne
,Golden Sheep Coffee,https://goldensheepcoffee.co.uk/,"Unit 18, Workshop 4 Brigdend Works, , Stonehouse, United Kingdom"
,Golden Sheep Coffee,https://goldensheepcoffee.co.uk/,"Unit 18, Workshop 4,Bridgend Works,Stonehouse, Gloucestershire.GL10 2BA"
,Good Times Roastery,https://goodtimesroastery.com/,
,Goose and Badger,https://gooseandbadger.com/,"35 South Street, Bridport, Dorset"
,Gordon St Coffee,www.gordonstcoffee.co.uk,"Glasgow Central Station, 79 Gordon Street, Glasgow, Scotland, G1 3SQ"
,Gothee Coffee,www.gotheecoffee.co.uk,Cardiff
,Grain and Grind,https://grainandgrind.co.uk/,
,Grasp Coffee,www.graspcoffee.com,"Romford, Essex"
,Green Bridge Organics,www.greenbridgeorganics.co.uk,"66 The Park, Findhorn, IV36 3TZ"
,Green Farm Coffee Co,https://www.greenfarmcoffee.shop,"Unit 1 Green Farm, Wendover Road, Rackheath Ind. Est., Norwich, Norfolk, NR13 6LQ"
,Green Goat Coffee,https://greengoatcoffee.com/,"Main St, Donaghcumper, Celbridge, Co. Kildare, W23 W9W0, Ireland"
,Greenbean Roasters,https://www.greenbeanroasters.com/,"Greenbean House, Coes Road, Dundalk, Co Louth, Ireland. A91 XR97"
,Grey Seal Coffee,http://www.greysealcoffee.co.uk,"Manor Farm Barns, Glandford, Norfolk, NR25 7JP"
,Grind,https://grind.co.uk/,8-10 New North Place London EC2A 4JA United Kingdom
,Ground Work Coffee,https://www.groundworkcoffee.ie/,"Celbridge, Ireland"
,Grounded Coffee,https://www.groundedcoffeeco.uk/,65c Bank street
,Grumpy Mule Coffee,www.grumpymule.co.uk,"The Roastery, Meltham, Holmfirth, Yorkshire, HD9 4EP"
,GUSTATORY,https://www.gustatory.co/,"GUSTATORY, Banks Mill, 71 Bridge Street, Derby. DE1 3LB. GB"
,H Gunton Ltd,www.guntons.co.uk,81-83 Crouch StColchesterEssexCO3 3EZ
,Hampton Roast Coffee,https://www.hamptonroastcoffee.co.uk/,"19 Hampton Close, Larne, United Kingdom"
,HandPressed Coffee,https://www.handpressedcoffee.com/,
,Hands-On Coffee,www.hands-on-coffee.co.uk,"The Roastery, 6F Bess Park Road, Wadebridge, Cornwall, PL27 6HB"
,Hard Lines,https://hard-lines.co.uk/,"Hard Lines Cafe & Roastery, Cowbridge Rd East, Cardiff, United Kingdom"
,Harmony Coffee,https://www.harmonycoffee.co.uk,York
,Hasbean,hasbean.co.uk,"Unit 16, Ladford Covert, Ladfordfields Industrial Estate, Seighford, Stafford, ST18 9QL "
,Hayling Island Coffee Society,www.hics.biz,"Hayling Island, Hampshire"
,Hayman Coffee,https://www.haymancoffee.com/,"80-83 Long Lane, London EC1A 9ET, United Kingdom"
,Heart & Graft Roastery,www.heartandgraft.co.uk,"95 Greengate, Manchester, M3 7NG"
,Heartland,https://www.heartland.coffee/,
,Hedgerow Coffee,http://www.hedgerowcoffee.co.uk/,"Rue de la Pomares, St Peters, Guernsey, GY7 9HH"
,Heimat Coffee,https://www.heimat.coffee/,"Specialty coffee, kitchen and roastery based in Southport, UK."
,HEJ,https://www.hejcoffee.co.uk/,Bermondsey
,Herbert and Ward,https://herbertandward.com/,"3 Southern House, Anthonys Way Rochester, ME2 4DN"
,Hermanos Coffee Roasters,https://hermanoscoffeeroasters.com/,"London, England"
,Hessian Coffee,https://hessiancoffee.com/,Latchmore Bank Little Hallingbury Bishops Stortford Hertfordshire CM22 7PH
,Hinba,https://hinba.co.uk/,
,Hometown Coffee Roasters,https://www.hometowncoffeeroasters.co.uk/,"Hometown, The Mart, Haddington Road, East Linton, EH40 3DN"
,Horsebox Coffee Co,horseboxcoffeeco.com,"Unit 12 Highlands Farm, Wallingford, Oxfordshire, OX10 0QX "
,Horsham Coffee,https://www.horshamcoffeeroaster.co.uk/,"The Studio, Howards Nursery, Handcross Road, Plummers Plain, RH136NX"
,Hot Numbers Coffee,www.hotnumberscoffee.co.uk,"Gwydir St, Cambridge, CB1 2LJ"
,House Coffee of Doncaster,www.housecoffeeofdoncaster.com,Doncaster
,Hoxton Coffee,https://hoxtoncoffee.com/,Beech Green Lane Hartfield England TN7 4DB United Kingdom
,HR Higgins Ltd,www.hrhiggins.co.uk,"Duke Street, Mayfair, London, W1"
,Hundred House Coffee,www.hundredhousecoffee.com,"Ludlow, Shropshire"
,I Should OHCO,https://www.ishouldohco.com/,
,Imbibe Coffee,imbibe.ie,"Dublin, Ireland "
,Imperial Jade Coffee,https://www.imperialjadecoffee.com,Kent
,Indigo Valley,https://www.indigovalley.co.uk/,Indigo Valley Halfway House Burford Ox18 4PA
,Insurgence Coffee,https://www.insurgencecoffee.com/,
,Inverness Coffee Roasting,invernesscoffeeroasting.co.uk,"15 Chapel Street, Inverness, Scotland, IV1 1NA "
,Iron & Fire Speciality Coffee Roasters,ironandfire.co.uk,"Arch 10, Market Place, Shifnal, Shropshire, TF11 9AP "
,Island Roasted,www.islandroasted.co.uk,"85a St James Street, Newport, Isle of Wight, PO30 1LG"
,Island Tea & Coffee,https://islandteaandcoffee.co.uk/,"Pritchetts Way, Rookley Isle of Wight, PO38 3LT"
,Isle of Skye roastery,http://www.cafesia.co.uk/,"The Red Door, The Old Filling Station, Near the Roundabout by the Skye Bridge, Kyleakin side! , Isle of Skye, Scotland, IV41 8PQ"
,Italian aroma coffee,www.italianaromacoffee.co.uk,"Italian Aroma Coffee Co Ltd, Units 22-23 , Andrew Court,Clyde Street,Clydebank,Glasgow,G81 1PE"
,Jack & The Beans Coffee Co,https://www.jackandthebeans.co.uk/,"10 Fair OakesHaverfordwest SA61 1EE, UK"
,Jackalope Joe Coffee Co,https://jackalopejoe.co.uk/,
,James Gourmet Coffee,www.jamesgourmetcoffee.com,Unit 1 Chase Industrial Estate Alton Road Ross on Wye Herefordshire HR9 5WA
,Jasper’s Coffee,jasperscoffee.co.uk,"Yarcroft, Yarbridge, Brading, Isle of Wight, PO36 0BP "
,Jaspers Coffee,https://www.jasperscoffee.co.uk/,"31 Worsley Rd , Gurnard PO31 8JW England"
,Jaunty Goat,jauntygoat.co.uk,"Chester, England "
,Java Republic Roasting Company,www.javarepublic.com,"The Roastery, 510 Mitchelstown Road, Northwest Business Park, Ballycoolin, Dublin, Ireland"
,Java The Hut,https://www.javathehut.ie/,"Unit 1, Beat Centre,Stephenstown Industrial Estate, Balbriggan, County Dublin"
,JavaBean,https://javabean.co.uk,"17D HALL FARM BUSINESS PARK, MARTHAM ROAD, GREAT YARMOUTH, NR29 5DR"
,JerichoCoffeeTraders,www.jerichocoffeetraders.com,"3 King Edward Street, Oxford, Oxfordshire"
,Joe Black Coffee,www.joeblackcoffeeandtea.co.uk,"Millers Bridge Industrial Estate, Seymour Street, Liverpool, Merseyside, L20 1EE"
,John Watt And Sons,https://johnwattcoffeeandtea.com/,"11 Bank St, Carlisle, Cumbria, CA3 8HG"
,John Watt Coffee and Tea,https://johnwattcoffeeandtea.com/,"49-53 BLACKFRIARS STREET CARLISLE CUMBRIA, CA3 8HB"
,Johnsons Coffee,https://www.johnsonscoffee.com/,137 Hillsborough Old Road Lisburn N. Ireland BT27 5QR
,Julius Meinl UK,www.meinlcoffee.com/uk/uk/julius-meinl.html,"Unit 3, Ground Floor, Lafone House, Leathermarket, 11 – 13 Weston Street, London, SE1 3ER"
,Just In Coffee Group,www.justincoffee-group.com,Semley Industrial Estate Station Road Semley Shaftesbury Dorset
,Jute Coffee,https://www.jute.coffee/,"Unit 3 Top Close, Thrapston, Kettering, Northants, NN14 4PP."
,Kahwati,https://kahwati.co.uk/,"20-22 Wenlock Road, London, England, N1 7GU"
,Kendricks,https://www.kendricks.co.uk/,"12-14 Ocean Parade, Ferringham Lane, Ferring, United Kingdom"
,Kent Tea and Coffee,www.tea-and-coffee.com,"Pivington Mill, Egerton Road, Pluckley, Ashford, Kent, TN27 0PG"
,Kickback Coffee Roasting Co,https://www.kickbackcoffee.co.uk/,"The Old Brickworks, Pott Shrigley, Cheshire, SK10 5RX"
,Killarney Coffee,https://killarneycoffee.ie/,"Scart, Killarney, Co. Kerry, Ireland"
,Kilted Coffee,https://kilted-coffee.com/,
,Kimbo UK,www.kimbo.co.uk,"Chiswick, London"
,Kin Coffee,https://kincoffee.co.uk/,
,Kingswood Coffee,https://kingswoodcoffee.co.uk/,"Digby Fen, Billinghay, Lincolnshire, LN4 4DT"
,Kinsale Coffee,https://kinsalecoffee.ie/,"Kinsale, Co.Cork"
,Koffy,koffy.ie,"Flurry Bridge Business Park, Lower Foughill Rd, Jonesborough, Newry, Northern Ireland, BT35 8SQ "
,Kogarashi,https://www.kogarashi.co.uk/,"Hoylake, United Kingdom"
,Kokebi Coffee,https://www.kokebicoffee.co.uk/,
,Kontext Coffee Company,https://www.kontextcoffee.com,"Wyastone Business Park, Wyastone Leys, Ganarew, Monmouth, NP25 3SR"
,Kulture Coffee,https://www.kulturecoffee.co.uk/,"380 Kirkstall Road, Leeds, United Kingdom"
,Lalico Coffee,https://lalicocoffee.co.uk/,"Station Approach Industrial Estate, Burnham on Crouch, United Kingdom"
,Lands End Coffee,https://www.landsendcoffee.co.uk/,"Lands End Coffee Co., Sennen, United Kingdom"
,Lars & Margo,https://www.larsandmargo.co.uk/,"Unit 16, Liskeard Business Park, Holman Road, PL14 3UT Liskeard"
,Lee Coffee,https://www.leecoffee.co.uk/,Southampton · Gosport · Fareham · Portsmouth
,Leicester Coffee House,https://www.leicestercoffeehouse.co.uk/,"110 Granby Street, Leicester, United Kingdom"
,Leinster Mills,https://www.leinstermills.com/,"Leinster Mills, Osberstown, Naas, Co. Kildare, W91X264, Ireland"
,Limini Coffee,www.liminicoffee.co.uk,"Unit 6 Luddite Way Business Park Rawfolds Way, Rawfolds, Cleckheaton, BD19 5DQ"
,Lincoln & York,www.lincolnandyork.com,"Kahawa House, Elsham Wold Industrial Estate, Nr. Brigg, North Lincolnshire, DN20 0SP"
,Lincoln Coffee House,lincolncoffeehouse.co.uk,"60, Kings Rd, Reading, United Kingdom "
,Lincoln Tea & Coffee,thelincolnteaandcoffeecompany.co.uk,"North Hykeham, Lincoln "
,Lindfield Coffee Works,www.lindfieldcoffeeworks.co.uk,
,Little Fin Coffee Roastery,https://www.littlefinroastery.com/,"5Glastonbury Chase, Westcliff-On-Sea, SS0 0EE"
,Littlestone Coffee,www.littlestonecoffee.co.uk,"17 Norman Court, Budlake Road, Exeter, EX2 8PY"
,Loch Lomond Coffee,https://www.lochlomondcoffee.co.uk/,
,Lomond Coffee,https://lomondcoffee.co.uk/,"Arch 7, Deptford Market Yard, Deptford High St, London SE8 4BX"
,Londinium Espresso,LondiniumEspresso.com,"426 Long Drive, London, UB6 8UH "
,London Calling Coffee,https://londoncallingcoffee.co.uk/,"3 Little Mundells Welwyn Garden City Hertfordshire, AL7 1EW"
,London Coffee Roasters,www.londoncoffeeroasters.co.uk,"Unit 41, New Lydenburg Comm Est, New Lydenburg St, London, SE7 8NE"
,London Grade Coffee,https://londongradecoffee.com/,"1 Telegraph Street, EC2R 7AR, London"
,Lone Wolf Mountain Coffee,https://www.lonewolfmountaincoffee.co.uk/,"Nottingham, United Kingdom"
,Long & Short coffee,https://longandshort.london/,London
,Lonton Coffee Co,https://lonton.co.uk/,"The Roastery, Lonton Lime Kilns, Middleton-in-Teesdale, United Kingdom"
,Lost Horizon Coffee,https://losthorizoncoffee.com/,"32 Upper York Street, Bristol, BS2 8QN"
,Lost Sheep Coffee,www.lostsheepcoffee.com,"Unit 54-55, Milstrood Road, Whitstable, Kent, CT5 3PS"
,Love Koffi,https://lovekoffi.com/,"32 LISTRY ROAD Newquay, Cornwall TR7 2DS"
,Lucid Coffee Roasters,https://www.lucidcoffeeroasters.com/,
,Luckie Beans,luckiebeans.co.uk,"Love Lane, Berwick Upon Tweed, Northumberland, TD15 1AR "
,Lufkin Coffee,https://www.lufkincoffee.com/,"Cardiff, CF5 1FJ"
,Mac & Me Roasting,https://macandmeroasting.co.uk/,"6 Reeds Farm Estate, Writtle, United Kingdom"
,MacBeans Coffee,www.macbeans.com,"2 Little Bemont Street, Aberdeen, Scotland, AB10 1JG"
,Machina Coffee,http://www.machina-coffee.co.uk/,"Unit 9 Peffermill Park, 25 Kings Haugh, Edinburgh EH16 5UY"
,Maestro,https://maestro-coffee.co.uk/,"Hounslow, Greater London, England, United Kingdom"
,Mahers Pure Coffee,https://maherspurecoffee.ie/,"25 Oliver Plunkett Street , Cork, Ireland"
,Maison Dieu Coffee,https://maisondieucoffee.co.uk/,"Former Sonoco Building,, Brechin, United Kingdom"
,ManCoCo,www.mancoco.co.uk,"84 Hewitt St, Manchester, M15 4GB"
,Manx Tea And Coffee,www.manxteaandcoffee.com,"Unit 4, Rear Wilson & Collins, Balthane Industrial Estate, Ballsalla, Isle of Man, IM9 2AJ"
,Markus Coffee,www.markuscoffee.com,"13 Connaught Street, London"
,Masteroast Coffee Co Ltd,www.masteroast.co.uk,"Plantation House, Newark Road, Peterborough, Cambridgeshire, PE1 5UA"
,Matthew Algie,www.matthewalgie.com,"16 Lawmoor Road, Glasgow, Scotland, G5 0UL"
,Maude Coffee,www.maudecoffee.co.uk,"83, 82 Railway St, Leeds, West Yorkshire, LS9 8HB"
,Mc Williams Coffee,https://mcwilliamscoffee.ie/,"288 Bannow Rd, Dublin 7, D07 PP9T"
,McCABE’S Coffee,https://mccabecoffee.com/,"1 Newtown Business & Enterprise Centre, Newtownmountkennedy, Wicklow, Ireland"
,Meastelo,https://meastelo.com/,"Bymac Business Centre, Northwest Business Park, D15 CPK0 Dublin 15 IRELAND"
,Melco Coffee,https://melcocoffee.co.uk/,"42 West Church Street, Buckie, Moray, AB56 1JG"
,Meletius Ltd,meletius.com,"Meletius Coffee Roasters Wembley Commercial Centre Building B, East Lane, Wembley, HA9 7UR "
,Method Roastery,methodroastery.com,"Method Coffee Roasters, Arches 50-51, Cherry Tree Walk, Worcester, WR1 3BH "
,Microroastery,microroastery.co.uk,"4 St.Margarets Street, Canterbury, Kent, CT1 2TP "
,MissionCoffeeWorks,www.missioncoffeeworks.com,"4 Grosvenor Way, London, E5 9ND"
,Mocha Mondo Coffee Limited,www.mochamondo.co.uk,"Amble, Northumberland"
,Modern Standard Coffee,www.modernstandardcoffee.com,"Unit 6 Capstan Centre, Tilbury, Essex, RM18 7HH"
,Mokarabia Coffee,www.mokarabia.co.uk,London
,Monkey Board Coffee,https://monkeyboardcoffee.co.uk/,Liverpool
,Monmouth Coffee,www.monmouthcoffee.co.uk/,"2 Park St, London, SE1 9AB"
,Monsoon Estates,www.monsoonestates.co.uk,"3b Grove Business Park, Atherstone on Stour, Stratford upon Avon, Warwickshire, CV37 8DX"
,Mont58 Coffee,https://mont58coffee.com/,
,Moonroast Coffee,www.moonroast.co.uk,"Brown Candover, Alresford, Hampshire, SO24 9TN"
,Morning Dog Coffee,https://morningdogcoffee.com/,"9 Huntly Cottages, Huntly Place, Aboyne, Aberdeen, AB345HD"
,Moyee Coffee,https://moyeecoffee.ie/,"Unit F1, Spade Enterprise Centre, North King Street, Dublin 7, Dublin, Ireland"
,Mr Duffins Coffee,www.mrduffinscoffee.com,"49 Main Street, Staveley, Cumbria, LA8 9LN"
,Mr Tinto,https://www.mrtinto.co.uk/,London
,mr_eion,http://www.mreion.com,"9 DPS, Stockbridge, Edinburgh, Scotland"
,mug run roasting,http://www.mug-run.com,"Unit E3, Morfa Clwyd, Marsh Road, Rhyl, LL18 2AF"
,Nairobi Coffee,https://nairobi-coffee.co.uk/,Shakespeare Street WD24 5RY Watford
,Naked Roaster Coffee,https://nakedroaster.com,"Earlspark Avenue, Glasgow, G43 2HW"
,Naughty Monkey Coffee,https://naughtymonkeycoffee.co.uk/,"Colchester, United Kingdom"
,Nelson Coffee Roasters,nelsoncoffee.co.uk,Eastbourne 
,New Ground Coffee,newgroundcoffee.com,"Workshop, r/o Simon House, 2 Windmill Road, Oxford, OX3 7BU "
,Ngopi,https://ngopi.co.uk/,"London 78 Dalston Ln, E8 3AH"
,No13 Coffee Roasters,www.no13.coffee,"Kettering, Northamptonshire"
,Noni’s Coffee Roasters,https://www.noniscoffeeroasters.com/,"C5, Phoenix Trading Estate, London Rd, Stroud GL5 2BX, United Kingdom"
,Nordfell,https://nordfell.com,London
,Norfolk Coffee,https://norfolk.coffee/,"Barn 15, Moor Hall Farm, Wood Dalling Road, Salle, Holt, United Kingdom"
,Norfolk Pig Coffee,norfolkpigcoffee.co.uk,King's Lynn 
,North Star Roast,northstarroast.com/,"Unit 27, Penraevon Industrial Est., Jackson Road, Meanwood Road, Leeds, West Yorkshire, LS7 2AP "
,Northern Cobbler,https://northerncobbler.com/,
,Northern Edge Coffee,www.northernedgecoffee.co.uk,"Unit 5, Meantime Workshops, North Greenwich Road, Spittal, Berwick-Upon-Tweed, Fife, TD15 1RG"
,Northern Tea,www.northern-tea.com,"Crown House, 193 Chatsworth Road, Chesterfield, Derbyshire, S40 2BA"
,Northside Coffee,https://www.northsidecoffee.co/,Unit 7 Coopies Haugh Coopies Lane Morpeth Northumberland NE61 6JN
,Notes Roastery,https://notescoffee.com,"Unit 2 Blackwall Trading Estate, Lanrick Road, London, E14 0JP"
,Nude Coffee Roasters,www.nudeespresso.com,"26 Hanbury St, London, E1 6QR"
,Obadiah Coffee,https://obadiahcoffee.com/,"Unit 4-5 The Arches, Abbeyhill, Edinburgh, EH8 8EE, UK"
,Odd kin Coffee,https://www.oddkincoffee.com/,"Unit 18 Kenn Court, Roman Farm Rd,Bristol, United Kingdom"
,OLD SPIKE ROASTERY,https://oldspikeroastery.com/,"Unit 5- Print Village Chadwick Road, London SE15 4PU"
,Olfactory Coffee,www.olfactorycoffee.co.uk,"Old Brewery Yard · Lower Treluswell, Penryn, Cornwall, TR10 9AT"
,Origin Coffee,www.origincoffee.co.uk,"The Roastery, Wheal Vrose Business Park, Helston, Cornwall, TR13 0FG"
,Oryx,https://oryx.gg/,31 Mill Street Saint Peter Port Guernsey
,Otis & Carter Coffee,https://otiscartercoffee.com/,"Unit 7 New Lairdship Yards , Edinburgh, United Kingdom"
,Ouseburn Coffee Co.,www.ouseburncoffee.co.uk,"Foundry Lane Studios, Foundry Lane, Newcastle-Upon-Tyne, NE6 1LH"
,Outpost Coffee,www.outpostcoffeeroasters.co.uk,"2 Stoney St, Nottingham, NG1 1LG"
,Ovenbird Coffee roasters,https://www.ovenbird.co.uk,"Stables, Blackwood Estate, Lesmahagow, South Lanarkshire, Scotland, ML11 0JG"
,Owens Coffee,www.owenscoffee.com,"The Roastery, Endsleigh, Ivybridge, Devon, PL21 9JL"
,Ozone Coffee Uk,ozonecoffee.co.uk,"11 Leonard Street, London, EC2A 4AQ "
,Pact Coffee,https://welcome.pactcoffee.com/pactcoffeeblog/,"The Mint Building, The Biscuit Factory, 100 Clement's Road, Bermondsey, London, SE16 4DG"
,Paddy & Scott’s,www.paddyandscotts.co.uk,"Suffolk, IP13 7SR"
,Papercup Coffee,papercupcoffee.co.uk/,"603 Great Western Road, Glasgow, Scotland, G12 8HX "
,Passion Fruit Coffee,www.passionfruitcoffee.co.uk,"""486 WILBRAHAM ROAD, CHORLTON, MANCHESTER M21 9AS"""
,Peaberry Coffee,peaberrycoffee.co.uk,"The Roastery, 60 Basepoint Business & Innovation Centre, Caxton Close, Andover, Hampshire, SP10 3QN "
,peakbean,www.peakbean.co.uk,
,Pearhaus Coffee,https://www.pearhauscoffee.com/,
,Pebble & Pine,https://pebbleandpine.co.uk/,
,Penningtons,https://penningtonscoffee.co.uk/,"Pennington's Tea & Coffee Ltd, Unit 12 Kendal Business Park, Appleby Road, Kendal, Cumbria, LA9 6ES"
,Perception Coffee,https://perceptioncoffee.co.uk/,London
,Perky Blenders Coffee Roasters,www.perkyblenders.com,"10 Acacia Business Centre, Howard Rd, Leytonstone, London, E11 3PJ"
,Pharmacie Coffee Roasters,www.pharmacie.coffee,"18 Cambridge Grove, Brighton and Hove, BN3 3ED"
,Piccolo’s,www.piccolos.coffee,"130 Bridge street, Worksop, Nottinghamshire"
,Piccolos Coffee,https://piccolos.coffee/,"130 Bridge Street, Worksop, Nottinghamshire, England S80 1HS"
,Pilgrims Coffee,www.pilgrimscoffee.com,"Marygate, Holy Island, Northumberland, TD15 2SJ"
,Pine Cone Coffee,https://pineconecoffee.ie/,"Bakers Corner, The Forge, Rochestown Ave, Kill of the Grange, Dublin 18, A96 TD77, Ireland"
,Pink Lane Coffee,http://pinklanecoffee.co.uk/,"1 Pink Lane, Newcastle upon Tyne, Tyne and Wear, NE1 5DW"
,PLOT Roasting,plotroasting.com,"Unit 38, The I O Centre, Armstrong Rd, Woolwich, London, SE18 6RS "
,Poblado Coffi,https://www.pobladocoffi.co.uk/,"Unit 1, Y Barics, Nantlle, LL54 6BD"
,Podda & Wren,https://www.podda-wren.co.uk/,"Elephant Yard, Kendal, United Kingdom"
,Podium Coffee Roasters,https://podiumcoffee.co.uk,"31a Bone Lane, Podium Place, Newbury Berkshire, RG14 5SH"
,Pollards,https://pollards.com/,"Units A, B & C Tinsley Industrial Estate Shepcote Lane Sheffield S9 1DR"
,Pollards Shop,www.pollardscoffee.co.uk,"The Roastery, 15 E&F Tinsley Industrial Estate, Shepcote Lane, Sheffield, South Yorkshire, S9 1TL"
,Pónaire Irish Handcrafted Coffee,www.ponaire.ie,"Main Street, Newport, Co Tipperary, Ireland"
,Ponticelli Espresso,www.ponticelli.ie,"Unit 3 Kilcohan Industrial Complex, Kilcohan, Waterford, Ireland"
,Potterbeans,https://potterbeans.coffee/,"Blackwater StudiosEast Hill, Blackwater TruroCornwallTR4 8HW"
,Primo Coffee,https://primo-coffee.co.uk/,"10 St Marys Fields, Colchester, Essex CO3 3AE"
,Primo Coffee & Tea Ltd.,primo-coffee.co.uk,"Manningtree, Colchester, Essex "
,PS Coffee Roasters,https://pscoffeeroasters.com/,"PS Coffee Roasters Roastery Link Business park, Kilcullen, Co. Kildare, Ireland"
,Ptarmigan Coffee,https://www.ptarmigan.coffee/,Livingston - Scotland
,Pumphrey’s Coffee,www.pumphreys-coffee.co.uk,"Bridge Street, Blaydon, Tyne and Wear, NE21 4JH"
,Pumphreys Coffee,https://pumphreys-coffee.co.uk/,"Bridge Street, Blaydon on Tyne Tyne & Wear, NE21 4JJ"
,Pure Roast Coffee,https://www.pureroastcoffee.co.uk/,"8 PRM Industrial Estate, Lisburn, United Kingdom"
,Pure Roasters,https://www.pureroasters.com/,Scotland
,Quantum Coffee Roasters,www.quantumroasters.co.uk,"58 Bute Street, Quayside, Cardiff Bay, Cardiff, CF10 5BN"
,Quarter Horse Coffee,quarterhorsecoffee.com,"88-90 Bristol street, Birmingham, B5 7AH "
,Queen Sheba,https://www.queensheba.coffee/,"52 Lynda Meadows, Newtownabbey, Antrim, United Kingdom, BT37 0AT"
,Rand Coffee Roastery,https://www.randcoffeeroastery.com/,"90 Street Lane , Leeds, United Kingdom"
,Rave Coffee,www.ravecoffee.co.uk,"Unit 7, Stirling Works, Love Lane, Cirencester, Gloucestershire, GL7 1YG"
,Reads Coffee,www.readscoffee.co.uk/,"LIMEKILN FARM, SHERBORNE, DORSET, DT9 6PS"
,Real Deal Roasters,www.realdealroasters.co.uk,"Real Deal Roasters, The Woodpecker, Cherry Lane, Deal, Kent, CT14 0HG"
,Recent Beans,https://www.recentbeans.com/,"The Queen's Mill, Aire Street, Castleford, United Kingdom"
,Red Bank Coffee Roasters,redbankcoffee.com,"Unit 4B, Lake Road Estate, Coniston, LA21 8EW "
,Red Bean Roastery,https://www.redbeanroastery.com/,"Red Bean Roastery Leopardstown Central Park, Sandyford, Dublin, Ireland"
,Red Garage Coffee,http://www.redgaragecoffee.co.uk/,No. 10 BH25 5EG New Milton Hampshire
,Red Monkey Coffee UK,www.redmonkeycoffee.co.uk,"Bache Farm, Westhope, Near Ludlow, Shropshire, SY7 9LG"
,Red Roaster,redroaster.co.uk,"1d St James's St, Brighton, BN2 1RE "
,Redbank Coffee Roasters,https://redbankcoffee.com,"Unit 12, Boundary Bank, Kendal, Cumbria, LA9 5RR"
,Redber,www.redber.co.uk,"Unit 2, Merrow Depot Merrow Lane, Guildford, Surrey, GU4 7BQ"
,Redemption Roasters,https://www.redemptionroasters.com/,"Redemption Roasters, 84b Lambs Conduit Street, London, United Kingdom"
,Regal Coffee Ltd.,www.regalcoffeeroasters.co.uk,"Suite 3, Maybank Business Centre, 208 Maybank Road, London, E18 1ET"
,Relish Coffee,www.Relishcoffee.com,22 Front Street Monkseaton NE25 8DF
,Revival Coffee,https://www.revivalcoffee.co.uk/,
,Revolution Coffee,https://www.revolution-coffee.co.uk/,"Unit 27, New Hall Hey Business Park, BB4 6HL"
,Ridge Roastery,https://www.ridgeroastery.co.uk/,"Waterlooville, Hampshire"
,Rinaldo’s Coffee,rinscoffee.com,"Rinaldo's Speciality Coffee & Tea Ltd,Unit 20,Summerlands Trading Estate,Endmoor,Kendal,Cumbria,LA8 0FB "
,Ringtons,business.ringtons.co.uk,Newcastle upon Tyne 
,Rise & Grind Roastery,https://www.riseandgrindroastery.co.uk/,"104 Abercorn St, Paisley, PA3 4AY"
,Rising Ground Coffee,https://www.risingground.coffee/,
,Ristretto Coffee,www.ristrettocoffee.com,"Unit 49, Banbridge Enterprise Centre, Scarva Road Industrial Estate, Banbridge, County Down, Ireland, BT32 3QD"
,Ritual Coffee,www.ritualcoffee.org,Gloucestershire
,Roaring Stag Coffee,https://www.roaringstagcoffee.com/,
,Roast Lab Coffee Roasters,www.roastlab.coffee,Farnham CommonBuckinghamshire
,Roasted Brown,https://www.roastedbrown.com/,"Behind Firehouse Bakery, rhe Delgany, Delgany, Co Wicklow, Co. Wicklow, Ireland"
,Roaster B,http://www.roasterb.com,"26 Meadow Way, Windsor, Berkshire, SL4 2NX"
,Roasters Artisan,www.roasterscoffee.com,Devon
,Roasters Coffee,http://www.roasterscoffee.com/,"1 Adams Path,Torquay Road Kingskerswell. Devon TQ12 5EZ"
,Roastery Hope Coffee,https://roasteryhopecoffee.co.uk/,
,Roasting Plant UK,roastingplant.com,"4 Borough High Street, London, SE1 9QQ "
,Roastworks Coffee Co,www.roastworks.co.uk,"Unit 7, Blackdown park, Willand, Devon, EX15 2FS"
,Roberts & Co.,www.e-coffee.co.uk,"The Coffee Roastery, Cedar Farm, Back Lane, Mawdesley, Ormskirk, Lancashire, L40 3SY"
,Rocket Monkey Coffee,https://www.rocketmonkeycoffee.com/,"33 Burns Statue Square, Union Arcade, Ayr, United Kingdom"
,Rockhopper Roaster,https://www.rockhopperroaster.com/,"Bognor Regis, United Kingdom"
,Roost,www.roostcoffee.co.uk,"Unit 6, Talbot Yard, Yorkersgate, Malton, North Yorkshire, YO17 7FT"
,Root and Branch,https://rootandbranch.coffee/,
,Rounton Coffee Ltd,http://www.rountoncoffee.co.uk/,"The Granary, East Rounton, Northallerton, North Yorkshire, DL6 2LG"
,Routes coffee,https://routescoffee.co.uk/,
,Sacred Grounds Coffee Company,sacredgroundscoffeecompany.co.uk,"Arbroath, Scotland "
,Saints of Mokha,https://saintsofmokha.com/,"51 Belvoir Street, Leicester, United Kingdom"
,Salford Roasters,https://www.salfordroasters.co.uk/,"Salford, England"
,Salford Roasters,https://www.salfordroasters.co.uk/,"Salford, England"
,San Francisco Bay Coffee,https://sfbaycoffee.co.uk/,"Trecenydd Business Park, Unit Q Caerphilly CF83 2RZ, UK"
,Sarah’s Coffee,https://www.sarahscoffee.com/,
,Scarlett Coffee Roastery,scarlett.coffee,"30 Duncan St, The Angel, London, N1 8BW "
,SD Bells Tea Coffee,https://sdbellsteacoffee.com/,"516 Upper Newtownards Road, Belfast, United Kingdom"
,Sea Island Coffee,https://seaislandcoffee.com/,164 Old Brompton Road
,Seamoor Coffee,www.seamoorcoffee.co.uk,Peak District National Park
,Second City Coffee,secondcitycoffee.co.uk,Manchester 
,Secret Garden Roasters,https://www.secretgardenroasters.co.uk/,
,Seven Districts Coffee,https://sevendistrictscoffee.com,Lincolnshire
,Sham City Roasters,https://www.shamcityroasters.com/,"Hastings, United Kingdom"
,Shiloh Coffee Roasters,https://www.shilohroasters.com,
,Shirt and Tie Coffee,https://shirtandtiecoffee.com/,Northern Ireland
,Shop House Coffee,https://www.shophousecoffee.co.uk/,North Lincolnshire
,Short & Curly’s,https://www.shortandcurlyscoffee.co.uk/,
,Sidewalk Coffee Co,www.sidewalkcoffee.co.uk,cambridgeshire
,Silton Coffee,https://www.siltoncoffee.co.uk/,
,Silver Oak Coffee,https://www.silveroakcoffee.co.uk,"Unit 21, Black Bank Business Centre, Black Bank Road, Little Downham, Cambridgeshire. CB6 2UA"
,Silver Oak Coffee,silveroakcoffee.co.uk,35A Newnham Street 35A Newnham Street
,Silverskin Coffee,www.silverskincoffee.ie,"Unit 13 Blackwater Road, Dublin Industrial Estate, Dublin, Ireland , 11"
,Single Origin,https://singleorigin.ie/,"Unit 619b Northern Extension, IDA Industrial Estate, Cleaboy Road, Ireland X91 NF88"
,SkyDancer Coffee,https://www.skydancer.coffee/,"Lochboisdale, Lochboisdale, United Kingdom"
,Skylark Coffee,https://skylark.coffee/,"Skylark Coffee, Unit 1, Fairway Business Centre, Westergate Road, BN2 4JZ"
,Sleeper Coffee,https://sleepercoffee.com/,"81 Mill Hill, Block B, Mill Hill Enterprise Park , Castlewellan, United Kingdom"
,Slumberjack Coffee,www.slumberjackcoffee.com,"Antrim, Northern Ireland"
,Small Batch Coffee,www.smallbatchcoffee.co.uk,"68 Goldstone Villas, Hove, Brighton and Hove, BN3 3RU"
,Smith Street Coffee,smithstreetcoffeeroasters.co.uk,"49 St Joseph's Road, Handsworth , Sheffield, South Yorkshire, S13 9AU "
,Smith’s Coffee,https://www.smithscoffee.co.uk/,
,Smiths Coffee Company,www.smithscoffee.co.uk,"Arabica House, Ebberns Road, Apsley, Hemel Hempstead, Hertfordshire, HP3 9RD"
,Snake Bite Coffee,https://snakebitecoffee.co/,"W Ella Way, Kirk Ella, Hull HU10 7LP, UK"
,So Roast,https://www.soroastcoffee.co.uk/,"""102 Hillside Avenue Southampton SO18 1JY"""
,So Roast Coffee,https://www.soroastcoffee.co.uk/,"5 The Triangle Cobden Avenue BItterne Park, Southampton SO18 1FZ"
,Soma Coffee Company,https://somacoffeecompany.ie/,"Cork City, Ireland"
,SOroast,www.soroastcoffee.co.uk,Southampton
,Source Climate Coffee,http://www.sourceclimatechange.com/,"138 Valley Drive, Harrogate, HG2 0JS"
,Specialty Coffee Co,www.thespecialtycoffeecompany.com,"The Specialty Coffee Company Ltd, 14 Blandford Square, Newcastle, NE1 4HZ"
,Speyside Coffee,https://speysidecoffee.co.uk/,"Garmouth, Moray, Scotland"
,Spiller & Tait,spillerandtait.co.uk,"Units 1&2, South Farm Court, South Farm Road, Budleigh Salterton, Devon, EX9 7AZ "
,Square Mile Coffee,www.squaremilecoffee.com,"8 Pritchards Rd, London, E2 9AP"
,Square Mile Coffee,https://shop.squaremilecoffee.com/,"Unit 13, Uplands Business Park, Blackhorse Lane, London, United Kingdom"
,Square root Coffee,www.squarerootcoffee.com,"12 Station Yard, Edington, Wiltshire, BA13 4NT"
,St Martins Coffee,www.stmartinscoffee.co.uk,"St Martin's Sq, Leicester"
,ST Martins Coffee,https://www.stmartinscoffee.co.uk/,Pennbury Farm 142 Stretton Road Great Glen LE8 9GP
,Steampunk Coffee,www.steampunkcoffee.co.uk,"49a Kirk Ports North, Berwick, East Lothian, Scotland, EH39 4HL"
,Stewarts Coffees,www.stewartscoffees.co.uk/,"Riverbank Trent Bridge, Nottingham, NG2 2GS"
,Stirling Coffee,https://stirlingcoffee.co.uk/,Number 8 King Street Stirling FK8 1AY
,Stokes Tea & Coffee,www.stokescoffee.com,"The Lawn, LincolnLN1 3BU"
,Stone Valley Roasters,https://www.stonevalleyroasters.com/,"35 Ashe St. Clonakilty Cork, Ireland"
,Stow Town Coffee,https://www.stowtowncoffee.co.uk/,2 Wells Barn Sheep Street Stow-on-the-Wold Gloucestershire GL54 1AA
,Strangers Coffee,www.strangerscoffee.com,Norwich
,Surrey Hills Coffee,https://surreyhillscoffee.co.uk/,"Hackhurst Farm Cottage, Hackhurst Lane, Dorking, United Kingdom"
,Sustain Coffee,https://sustaincoffeeco.com/,"8-13 salisbury square, Hatfield, United Kingdom"
,Swan Song,https://www.swansong.coffee/,"Salford, Manchester, England"
,Swan Song Coffee,https://www.swansong.coffee/,"Salford, Manchester, England"
,Symposium Coffee,https://www.symposiumcoffee.co.uk/,"Unit 21C, Hellesdon Park Industrial Estate, Alston Road, Norwich, NR65DS"
,Symva Coffee,https://symvacoffee.com/,"164 Church Rd, Hove. BN32DL , Brighton and Hove, United Kingdom"
,T-A-P,www.tapcoffee.co.uk,"193 Wardour Street, London, W1F 8ZF"
,Taylor St Baristas,www.taylor-st.com,"3 Creekside, Deptford, London, SE8 4SA"
,Teifi Coffee,https://www.teificoffee.co.uk/,"Old Commerce House, Llandyssul, United Kingdom"
,Temple Harris,https://www.templeharris.com/,"Northton, Obbe, United Kingdom"
,Terra Coffee,https://www.terracoffee.co.uk/,"34 Cockburn Street, Edinburgh, EH1 1PB, United Kingdom, Edinburgh, United Kingdom"
,TERRONE Coffee UK,www.terrone.co.uk,"Netil Market, Westgate Street, London, E8 3RL"
,The Bean Shop,www.thebeanshop.com,"67 George St, Perth, Perthshire, Scotland, PH1 5LB"
,The Blending Room,www.theblendingroom.co.uk,"Humber St Market, Hull and 22 Unit Factory Estate, Boulevard, Hull, Kingston upon Hull, HU3 4AY"
,The Blue Bean Coffee Co.,http://thebluebeancoffee.co.uk/,
,The Coffee Bean – Van & Roaster,www.thecoffeebean-vanandroaster.co.uk/,"Aberdare, South Wales"
,The Coffee Company – Torquay,www.coffeecompanytorquay.com,"70A Windsor Road, Torquay, Devon, TQ1 1SZ"
,The Coffee Counter,https://thecoffeecounter.co.uk/,
,The Coffee Factory,https://thecoffeefactory.co.uk/,"Unit 3, Shute Road, Axminster, United Kingdom"
,The Coffee Link,http://thecoffeelink.co.uk,"31, Knightsdale Road Ipswich Suffolk Suffolk United Kingdom IP1 4JJ"
,The Coffee Mate,https://www.thecoffeemate.co.uk,London
,The Coffee Officina,http://thecoffeeofficina.com,"Unit G, Housham Hall, Matching Tye, Essex, CM17 0PB"
,The Coffee Roasters,http://thecoffeeroasters.co.uk/,
,The Colombian Coffee,https://www.thecolombiancoffeeco.org/,"Borough Market, London"
,The Ethiopian Coffee Co,www.theethiopiancoffeecompany.co.uk,"61 Amwell Street, Islington, London, EC1R 1UR"
,The Fresh Coffee Co,www.thefreshcoffeecompany.com,"Reigate, Surrey"
,The Galway Roast,https://galwayroast.ie/,"8 summerhill Business Center Old Ballinasloe road, Athlone, Co. Westmeath, N37 F6C1, Ireland"
,The Gatehouse Coffee Roasters,https://www.thegatehousecoffeeroasters.com/,"Benn Avenue, Paisley, United Kingdom"
,The Gentlemen Baristas,https://www.thegentlemenbaristas.com/,"London, UK"
,The Golden Bean,http://thegoldenbean.ie,"Ballymaloe House, Shanagarry, Co. Cork, Ireland"
,The Good Coffee Cartel,https://www.thegoodcoffeecartel.com/,12 Cornwall Street Glasgow G41 1AQ
,The House of Coffee,thehouseofcoffee.co.uk,"3 Peacock Parade, Lake Street, Leighton Buzzard, Bedfordshire, LU7 1JH"
,The Isle of Wight Espresso Company,www.iow-espresso.co.uk,"Spring Tides, 37 Spring Hill, Ventnor, Isle Of Wight, PO38 1PF"
,The Little Coffee Roastery,https://www.thelittlecoffeeroastery.co.uk/,8 Little Street Macclesfield Cheshire SK10 1AW
,The Little Red Roaster,http://thelittleredroaster.co.uk/,"81B Grove Road, Norwich, Norfolk, NR1 3RT"
,The Milk Shed,https://themilkshed.coffee/,9 PRINCES STREET
,The Missing Bean,www.themissingbean.co.uk,"1 Newtec Place, Magdalen Road, Oxford, Oxfordshire, OX4 1RE"
,The Old Barracks,https://www.theoldbarracks.ie/,"The Old Barracks, Birdhill, Ireland"
,The Orkney Roastery,https://www.theorkneyroastery.com/,"2 Scott’s Road, Hatston, Kirkwall, Orkney KW15 1GR"
,The Proper Coffee Co,propercoffeeco.com,
,The Roast Den,www.roast-den.com,"71 Carron Place, Kelvin Industrial Estate, East Kilbride, Glasgow, Scotland, G75 0YL"
,The Roasted Bean Co.,www.roastedbean.co.uk,Brighton
,The Roastery at Bella Barista,https://www.theroastery.co.uk/,"The Roastery at Bella Barista, Nene Court, The Embankment, Wellingborough, Northamptonshire NN8 1LD"
,The Roasting Party,www.theroastingparty.co.uk,"Winchester, Hampshire, SO22 6BB"
,The Roasting Project,https://www.theroastingproject.co.uk/,"253A Burntisland High Street, Burntisland, United Kingdom"
,The Roasting Shed,www.theroastingshed.com,"Clapton, London, E5"
,The Runner Bean Coffee Co,www.therunnerbeancoffeeco.co.uk,Lower WayThatchamBerkshireRG19 3RN
,The Source Coffee,https://www.thesourcecoffee.co.uk/,"4 spittal st, edinburgh EH3 9DX"
,The Specialty Coffee Company,https://www.thespecialtycoffeecompany.com/,"The Specialty Coffee Company c/o OA, 301a Sunderland Road, South Shields, NE34 4RP"
,The Steamie,https://www.thesteamie.co.uk/,1024 Argyle Street Glasgow Scotland G3 8LX
,The Studio Coffee Roasters,www.thestudiocoffee.com,"Co Meath, Ireland"
,The Suffolk Coffee Company,https://www.thesuffolkcoffeecompany.co.uk/,"1 London City Road, Wilby, United Kingdom"
,The Welsh Coffee Co,www.welshcoffee.com,"55 Main Road, Ogmore By Sea, The Vale of Glamorgan, South Wales, CF32 0PL"
,The Yorkshire Coffee Roasters,https://www.theyorkshirecoffeeroasters.com/,"King street , Hoyland, United Kingdom"
,TheRoastHouseTralee,theroasthouse.ie,"3 Denny Street, Tralee, Co. Kerry, Ireland"
,Thomsons Coffee,www.thomsonscoffee.com,"Burnfield Ave, Glasgow, Scotland, G46 7TL"
,Three Fools Coffee,https://threefoolscoffee.ie/,"Grand Parade Cork, Ireland"
,Three Hills Coffee,www.threehillscoffee.com,"23 High street, Selkirk, TD7 4BZ"
,ThreeSixty˚ Coffee,www.ThreeSixtyCoffee.co.uk,London
,Tra HQ,https://trahq.ie/,"87 Meagher's Quay, Waterford, X91 NH2P"
,Trading Post Coffee,https://www.tradingpostcoffee.co.uk/,
,TripleCoRoast,www.triplecoroast.com,"123 Stokes Croft, Bristol, BS1 3RZ"
,Tropic Coffee Ltd,http://www.tropiccoffee.co.uk/,"Unit 7-10 Piper Road, Hardwick Narrows Est, Kings Lynn, Norfolk, PE30 4BH"
,Twin Cafe,www.twincafe.org/,"Sheffield, South Yorkshire"
,Two Chimps Coffee,https://twochimpscoffee.com/,"8b. Oakham Enterprise Park, Ashwell Rd, Oakham, LE15 7TU, UK"
,Two Day Coffee,https://twodaycoffee.co.uk/,"26 Union Street, Broadmead, Bristol"
,Two Dogs Coffee Roasting Company,www.twodogscoffeecompany.com,"18a New Chapel St, Treorchy, Rhondda Cynon Taf, CF42 6RS"
,Two Spots Coffee,https://www.twospotscoffee.ie/,"Unit 10 Balbriggan Business Park, Dublin, Ireland"
,Twofifty Square,https://www.twofiftysquare.com/,"Rathfarnham Road, Terenure, Dublin 6W"
,Tynemouth Coffee,https://www.tynemouthcoffee.com/,"Unit 1 Prudhoe Street Back, North Shields, United Kingdom"
,Ue Coffee Roasters,www.uecoffeeroasters.com,"11a Windrush Industrial. Park, Linkwood Road, Witney, Oxfordshire"
,Uncommon Ground,https://www.uncommon-ground.co.uk,
,Union Hand Roasted,www.unionroasted.com/,"7a South Crescent, London, E16 4TL"
,Unorthodox Roasters,https://www.unorthodoxroasters.co.uk/,"129 HIGH STREET, KINROSS, SCOTLAND, KY13 8AQ"
,Uplands Roast,https://uplandsroast.com/,"North Meadow Walk, The Meadows, Edinburgh EH8 9LD"
,Uppercut Group,https://www.uppercutgroup.com/,"2A, Washingbay Road, Coalisland, BT71 4ND"
,Upside Coffee,www.upsidecoffee.com,"Unit 14, Chart House Business Park, Richmond Road, Fairview, Dublin 3, Ireland"
,Vagabond Coffee,vagabondcoffeeroasters.com,"London, England"
,VeliK Coffee,www.velikcoffee.co.uk,"Harpenden, United Kingdom"
,Velo Coffee,https://velocoffee.ie/,"Unit 1A Mayfield Business Park, Mayfield, Cork, Cork, Ireland"
,Vice Roast,www.viceroast.com,"Bo’ness, West Lothian, Scotland"
,Viento Coffee,https://www.vientocoffee.co.uk/,"Watford, England"
,Viking Coffee,https://vikingcoffee.co.uk/,"Unit 1E Frith Business Centre Frith Road Aldington, Ashford TN25 7HJ"
,Volcano Coffee Works,www.volcanocoffeeworks.com,"Unit D17, Ground Floor, Parkhall Trading Estate, 62 Tritton Road, London, SE21 8DE"
,Voyager Coffee,www.voyagercoffee.co.uk,"Voyager Coffee, Unit 6, Mardle Way Business Park, Buckfastleigh, Devon, TQ11 0JL"
,Vu Roasters,https://www.vuroasters.coffee/,
,W. Martyn,www.wmartyn.co.uk/,"135 Muswell Hill Broadway, London, N10 3RS"
,Wakeup Roasters,https://www.wakeuproasters.com/,"Ipswich, United Kingdom"
,Watch House,https://watchhouse.com/,"London, England"
,Waveney Valley Coffee,https://www.waveneyvalleycoffee.co.uk/,
,We Love Coffee,https://welovecoffeeltd.com/,"83 Carron Place, Kelvin Industrial Estate, East Kilbride, G75 0YL"
,Weanie Beans,www.weaniebeans.com,"Unit 11, Crusader Industrial Estate, Hermitage Road, London, N4 1LZ"
,Well Roasted Coffee,www.wellroastedcoffee.com,"Unit 23 Eckland Lodge Business Park, Desborough Road, Market Harborough, Leicestershire, LE16 8HB"
,Wellington coffee,https://wellingtoncoffee.co.uk/,"15 Huntly Road, Talbot Woods, Bournemouth, Dorset, BH3 7HF, United Kingdom"
,West Berkshire Roastery,www.wbroast.co.uk,"Unit 1, Lower Way Farm Thatcham Berkshire RG19 3TL"
,West Cork Coffee,https://www.westcorkcoffee.ie/,West Cork
,White Rose Coffee Roasters,https://whiterosecoffeeroasters.co.uk,"White Rose Coffee Roasters, 6-8 Hall Street, Halifax, West Yorkshire, HX1 5AY"
,White Star Coffee,https://whitestar.coffee/,"Unit 1 & 5, 17 Balmoral Rd, Belfast, United Kingdom"
,Wildpen Coffee Roasters,https://wildpencoffeeroasters.com/,"97 Gisburn Road, Barrowford, BB9 6DX"
,Wilkinson’s of Norwich,wilkinsonsofnorwich.com,"5 Lobster Lane, Norwich, Norfolk, NR2 1DQ"
,Williams and Johnson,http://www.williamsandjohnson.com/,Edinburgh
,Wimborn Coffee Roasters,https://www.wimbornecoffeeroasters.co.uk/,"The Roastery, Hayters Farm, Rowe Hill, Wimborne Minster, United Kingdom"
,Winchester Coffee Roasters,http://www.winchestercoffeeroasters.co.uk/,"7a Sun Valley Business Park, Winnall Close, Winchester, SO23 0LB"
,Winchester Coffee School,www.winchestercoffeeschool.co.uk,"7a Sun Valley Business Park, Winnall Close, Winchester, SO23 0LB"
,Wogan Coffee,wogancoffee.com,"2 Clement Street, Bristol, BS2 9EQ"
,Wood st Coffee,https://www.woodstcoffee.co.uk/,Wood St Coffee Roasters Unit 44 Shire Hill Saffron Walden Essex CB11 3AQ
,Wooden Hill Coffee,www.woodenhillcoffee.com,"Ampthill, Bedfordshire"
,Workhouse Coffee &Co,workhousecoffee.co.uk,"335 Oxford Rd, Reading, Berkshire, RG30 1AY"
,Works Coffee Roasters,https://workscoffeeroasters.com/,
,Workshop Coffee,www.workshopcoffee.com,"27 Clerkenwell Road, Clerkenwell, London, EC1M 5RN"
,Wrexham Bean Co.,www.wrexhambean.com,35 Chester StreetWrexham LL13 8AH
,Yallah Coffee,www.yallahcoffee.co.uk,"ARGAL HOME FARM KERGILLIACK, Falmouth, Cornwall, TR11 5PD"
,Yellow Bourbon,https://www.yellowbourbon.co.uk/,"ANGEL STREET, NORTHAMPTON NN1 1ED"
,Yellow Mountain Coffee,yellowmountaincoffee.co.uk,"Alderton, Suffolk, IP12 3BS"
,York Coffee Emporium,www.yorkcoffeeemporium.co.uk,"Unit 8, London Ebor Business Park, Millfield Lane, Nether Poppleton, York, YO26 6QY"